sulfur,h2,temp,power,efficiency,storage,bio
1.1557013579130344,131.8181974288185,852.3238329814127,11.30923801065214,0.7112945226033468,60.55799990937379,0.3189475925721806
1.4235367427351442,90.0,867.5298793868108,12.22446967402518,0.740506928235651,40.43786607496187,0.29870679298818964
1.4221334863895785,111.54499927421016,854.4646553341277,10.396463409279896,0.7009952107061254,74.54974967665021,0.3473007264729145
1.5416344223390777,126.66649006856352,860.8533100979353,10.96672850975095,0.8294211682462356,46.56000244699322,0.4077285965121267
1.2504180357070047,157.62821830521298,871.3622598689117,10.86776111338184,0.7522915394644694,66.44310532757274,0.35262071624056746
1.499640597027857,113.68927467425613,862.5859809289014,10.590950765004957,0.7102047804834255,61.84060088862368,0.3192495648466066
1.5019824390603065,122.78621025662892,852.9849876484404,10.289591362220914,0.6913109193799588,58.92615659406472,0.31351582639660214
1.3486027964575054,125.6552608596406,852.7742376786807,9.75192863393618,0.6742506957796567,68.78520374862113,0.3967743966770637
1.4579845965724518,143.32053760391432,855.3262669435203,11.611842524912731,0.745914562793228,54.18930102379539,0.3971771564428553
1.515925221863814,149.75362999852095,871.1644314789719,16.768014018842635,0.7065847639607198,88.87806386190539,0.532235538286902
1.6109128633546956,133.91774628132288,862.8388084641037,14.562728095456675,0.6256900926918219,57.8261874234589,0.4490600755101041
1.412180602346895,121.64373839722629,865.765324272876,14.544399959920016,0.7674236721459643,66.5954200626927,0.4330819507433405
1.5457195256965046,112.15190139397008,873.8975066668006,13.111095500149627,0.6992149889968364,62.20280737043122,0.531027239938529
1.5077244933424143,142.91401005831997,887.3272110825878,13.61877072005134,0.8011740683906363,69.6977116524178,0.5082635297619715
1.4209238996196434,162.6585898440049,877.9086790723385,13.298137379461844,0.6793586317772186,66.68697093848185,0.4053588309883053
1.5111665375094008,99.51930731606645,866.4128468964446,13.029522956658802,0.6667906169959437,65.97348589135208,0.42882851807403843
1.468666037766029,144.23835517295723,868.5427094242273,12.022004965991297,0.95,63.90681575404152,0.5212425546038832
1.526003082132997,139.6534333216132,869.4499111342587,12.94108782504314,0.7038903192688825,62.94311219079386,0.45171205938917347
1.5457879584631486,133.14199030098862,860.7794298344618,14.733627877534037,0.7514770577649131,63.77476359502327,0.5024339902448722
1.5369016157543085,149.65176839711276,875.7587592724207,16.00176367402182,0.7357597543802598,69.78152384563724,0.4492745270290432
1.354394990593831,140.4446648602555,869.3137621932701,15.1788988854793,0.8012657808350464,77.40110724727329,0.4966565676025529
1.3804313811606683,143.89461436281886,882.4282802999379,15.288223944944454,0.7621150365657208,72.88203482610393,0.4766202560544714
1.4866759061334416,162.46340559260426,900.0,13.657809748872175,0.7805957867314401,45.21988213285878,0.41828508418502414
1.4720094852298735,145.78206862224238,894.2368861704258,10.54203878257474,0.7410287931200913,77.27061962599012,0.3834482009475503
1.4813408864274875,185.69546725649752,865.671573224453,16.719135891722694,0.7483022881632858,60.8759637154359,0.5464682926796463
1.0704307266979434,137.84709839499948,859.1237050830676,14.167714687070877,0.7449411903092992,83.58938061777414,0.5031810342554125
1.3225226922818338,149.31422888710463,856.5641779195895,14.83052449206106,0.7568089921334952,58.58811109880352,0.4872436609904315
1.3528182635719304,135.37437190675095,893.517844278117,12.751855470765324,0.7645122508943735,89.40908776068012,0.4499542000366641
1.3019712331513722,136.90162324312055,889.8781330707079,16.729001457004387,0.7849279065038522,74.53156779046752,0.48973652201766577
1.0768562218030175,164.43046737961822,880.5711750362558,14.022746320230102,0.7016755866318243,87.88747545975139,0.5005300769638495
1.2086637524446329,171.07364118160856,898.759997786231,17.83622026622312,0.7749664500216756,66.82205537403594,0.5087860775211349
1.1550967131699763,147.9298498856844,877.081114700662,12.985496405810348,0.8314664884783584,85.12831987017627,0.44771584733773645
1.0257076722886298,162.9708601851847,897.9760380482583,14.6911896060049,0.8063834843974444,78.0891399366553,0.512538408121092
0.9621045918318128,174.31999793063787,889.6037138903943,12.3576715552812,0.6793431277655844,75.03665107865872,0.5661215602538877
1.0446280764519087,157.08705041576036,885.5968944788914,13.454782870646069,0.8779602711796561,71.19983434493825,0.4896340784507568
1.1113684407763569,176.8389967624313,889.4917604540889,14.546598847642162,0.7536231596634049,65.67147546716168,0.482719433270708
1.049441239109874,161.06287922312544,870.4579223704071,15.924276549332149,0.7538564727665432,87.06153996055772,0.511307672644501
0.9361205185001212,155.84773970366905,886.754462682008,14.893449693444737,0.8404089906332505,77.79146286633932,0.5163879208814747
0.8,175.11934187369377,892.2447206967089,10.635876867804852,0.744173826496265,74.69202645362675,0.42227109875887
0.9532623895184626,155.49671818187232,871.6543096250114,15.418960391713538,0.8176088779850079,71.73266935495066,0.5283372282779357
1.144544504666018,166.9077656559416,871.4677493398236,11.224525079578832,0.7957375306092993,76.2180936152239,0.4965458616447619
0.9766483775685868,153.69047222216608,885.5605716905226,12.462355180938411,0.8205103923084761,76.53084143863379,0.4200948263735542
0.8784145890585594,165.74228993262594,890.6249680748958,12.51995853367666,0.8027358943484905,81.04202908624227,0.4246466219287557
1.118348910053629,173.85679405798234,876.6400685418203,11.922892632738472,0.7654887202325208,76.26172039025288,0.463729199785988
0.80352754465786,183.38409696104404,871.444918040862,13.42412183738152,0.8425165495501197,85.07026134557927,0.43606128114107456
0.9882795663022652,177.71634150541314,880.932968280987,11.88182151441521,0.8139886417313831,65.30121571467622,0.39230161562241705
1.0198865906698258,144.29012463533766,855.1149221756014,6.555892956530279,0.8241086407774318,71.3343262590434,0.3997123602012589
0.9502537079050726,163.18270275275344,889.4743895400026,8.859755623075241,0.8902263489635293,74.52460089712787,0.3928955668786751
0.9754298907250034,157.22837407502098,861.6210186161902,9.260052206330148,0.7995847762536512,81.2488361827828,0.3505947810928744
1.01270550104576,156.6603610211338,876.0500993970916,9.06299039179338,0.8098662372990212,88.13380144035541,0.4256491524069248
1.0216080398934806,186.32397099338505,859.4700053913099,9.728436410829731,0.884385425028142,81.13190270930761,0.3960724663946172
0.867811697844387,175.236163228621,871.5116791295553,8.579815859190637,0.7945735701262542,80.06759613569652,0.37873298330628674
0.95652477615787,182.11182705396487,861.9403164752324,10.525159384442212,0.7411417656097492,91.0471261671468,0.390101799222057
0.9995284658502148,176.30538339180163,860.1348341378902,9.625257909207926,0.8554365940602294,82.88842297459638,0.32740489791205185
0.8313926353779434,176.73190675978202,863.4482591636041,8.376765361311783,0.8173343194471727,84.06450149815801,0.3585561739008392
0.8759595834266126,179.98056144951184,847.4044847410129,5.438734475182092,0.9039987787832496,88.46158069287324,0.41860094215951293
1.1334395237631114,179.57793703052096,849.8449580856486,5.0,0.8998031387245105,60.5812484990807,0.33940557385825343
1.1431255757987353,150.47696437135295,848.4487524930036,8.972442375011278,0.818032719880035,93.11773092997996,0.38482603022726025
1.185551692990145,140.36894403228504,849.7330402415928,6.562852622069157,0.7811316797902214,73.83841532196124,0.3931983028214884
1.0894374856358824,171.90106236923182,856.0329547350435,5.0,0.8572427620542451,57.7013214814592,0.21124177211461834
1.2396819989492525,170.5563596928827,843.978437174225,5.0,0.8161353975683717,68.93277614741297,0.3142738314140359
1.2218874917136222,184.41035957785869,859.4393780111164,8.608658998010851,0.898684968966994,61.50698606458894,0.2935189626499356
1.2626290254967476,191.05421197635317,841.6091594815183,6.006374859171944,0.8769157577571086,87.51070249563543,0.29636676565900144
1.2615040624813938,142.9539274084928,859.8416980766146,5.0,0.8837975786279638,63.75227936901553,0.3080891847138821
1.2774795958218306,199.55260824286265,843.2225387036756,5.0,0.8288574606561105,80.18794920979109,0.2817983513799926
1.3123509545649232,171.94818813064242,837.1223842114639,5.0,0.818940021187443,76.7967803772594,0.23901859210719067
1.399035319296348,154.17480522613886,844.492536584834,6.436324456260989,0.7236237219657604,64.72985210289562,0.27528000920304313
1.2819132589357989,171.1003098711282,851.9622755270601,5.0,0.7869220761653407,73.6507598666699,0.2725616206006187
1.47988495872825,174.95198377849255,840.8384800429395,7.492171509226301,0.796432772506211,63.673614742962215,0.3098098591972813
1.282597159112767,154.33574035260563,852.2489927708732,7.790818361990856,0.8477940019101061,73.3525694366025,0.2890828608269662
1.350153395245146,168.63709646381096,843.2260193750351,7.877717601704037,0.7739044796466937,74.32303936541886,0.15054116748258523
1.454427027768333,161.40090729469858,837.829566259808,5.0,0.8859855893984976,69.95463506371713,0.2601251314172298
1.1702837654317773,167.83449531525568,838.0550494337886,5.0,0.848707034393936,68.93901765870068,0.18172995519387336
1.5299511106152657,188.4175319827389,843.1797622817103,6.090628902476372,0.9050475852155264,77.45694335820397,0.1587878433103498
1.4259381143023526,177.42165853887894,834.3600454980834,5.0,0.9071979547715324,58.50579772548363,0.1602098884780484
1.3898169878159292,181.97968128765476,832.5276294147561,5.054478820492906,0.807033776617275,59.04547412388715,0.2836393583294372
1.580785866170212,187.91237271499764,830.8568772258341,6.274196816884491,0.8258760636299343,66.48643476295639,0.16845403594847233
1.5815158657991404,150.82690727413018,834.9094893007973,6.024852425431145,0.95,95.0,0.21352672262470657
1.6042321575043632,171.93435597806445,822.6443389378147,7.873031420260404,0.7904556299942833,69.51102043789109,0.18264061394732792
1.401111596170825,167.88277507905642,826.8495826936846,8.209651183572866,0.791005459684608,59.73858283168733,0.16628274002297821
1.547521861180812,157.50053778027905,827.1449843168404,6.790757819965062,0.8833978424494335,65.41931959841227,0.15534969639763357
1.372618236889937,176.85916191503327,816.0439675945371,7.731919081552045,0.6930153133719146,54.00663253851155,0.16373767507163936
1.4832376913990857,170.54143964280027,817.7553059003881,5.0,0.8154998456847736,56.87459985709574,0.16474167159793032
1.334848163921805,146.4044702318015,812.8580215808805,9.972613779136836,0.8421205430253268,71.18794038942157,0.11940739757111254
1.46989595725983,179.4218771735235,824.9283238575794,6.2765839632129365,0.8511519246890256,53.68500157959503,0.12576977130600495
1.3204741491856895,178.9383872741194,813.5732190399928,5.994150055744802,0.8860766955766274,53.97233835672423,0.12018410331572468
1.2456799148264213,172.58320691227567,830.6294428939085,6.773716468411973,0.8738434560456948,40.51955565628778,0.14001723100842944
1.4165973333538724,182.6068794900909,813.3934242236281,9.001082870605442,0.894996553882266,53.85555086422289,0.09190968510621716
1.3922784384046865,190.05726841180493,810.0428607468392,9.638075325251588,0.8556481430728919,33.28439430068841,0.08447501136139846
1.394340074575513,186.6965675325212,822.179661294658,11.052597177791762,0.7931787758575743,62.3844647729409,0.05601925676995575
1.2907162696496064,186.9596597186236,818.098379375359,10.419686696514106,0.8777673350690902,40.94492623299877,0.10595241267421364
1.4099423714121964,173.41538226483874,812.6622147586519,6.713665747003949,0.7939520549081764,48.67818294849391,0.05
1.244365471876164,198.0624575070221,826.7338805429691,10.976825693492197,0.9153149981635018,49.637087289306784,0.06462044990356136
1.0818567109763528,154.27068777096594,818.4349858427894,6.860373218396095,0.7935963774148238,55.85561130819472,0.06217831190173373
0.9912978976810998,171.4683241922487,837.1756818405464,10.08517811292835,0.9178469819317092,42.86322363940348,0.09098123723479337
1.2699006360629306,164.1941854090304,821.7740357105902,15.492712388051096,0.8270929026580316,43.09613809464183,0.1504689209027621
1.167270487614423,163.5154809424018,813.7102587623237,11.286095971170605,0.8772232701450504,36.05460998259635,0.12608871957797435
1.1278833880515529,175.9199664068845,821.9502413494515,10.472008667512345,0.771092781334617,49.65250893620011,0.2078113185645383
1.089570212843818,191.2644777654555,835.6395772086632,14.57066595293058,0.8247559506792979,49.87959010813074,0.153391059017903
1.241491554941486,195.81154534270047,815.608135099408,9.064321019370102,0.834466818318931,34.784929986958204,0.09445325337495535
1.0429262538599022,173.34488035717533,828.163455080525,15.244804018203832,0.8264594047026594,42.12900562440665,0.05
1.0438493568252802,156.71137851426252,820.3905013365909,12.371050231525178,0.7710359869849456,55.71696250528479,0.17469044020874785
1.0663723848502815,160.68141185564684,819.140975932501,13.865311130816137,0.8858885729303592,54.64350646675315,0.09671000103509908
0.9489553780579014,179.13905801361514,822.5659623326825,11.823567914312706,0.8542125540937545,39.8107175213372,0.12015176856940786
0.8,170.85763598998926,823.1879582136414,13.313105009206792,0.8464963205403456,49.14327772045904,0.05
1.0388385928725934,200.0,830.1121776943928,17.26090577202349,0.8652956486863532,19.137347655728043,0.19604772862194497
0.901116710378139,186.7379615530044,835.7162742871049,15.830979120174543,0.8914849583026262,33.979923245061514,0.11769887610034131
0.8,180.86043044978132,830.611090944703,16.446153707791304,0.7664759431393876,45.4059670522192,0.11724263610410013
0.8289838782128139,200.0,815.6291399339237,15.102050335281277,0.782772136932595,15.847547680884867,0.21956788167101676
0.9891729866080602,197.33688007143704,836.1860590451704,13.177895625141511,0.753495511454481,20.035471537113423,0.05
0.9451373900290162,168.89789611235912,822.3698623257876,15.14369921625988,0.8095338962567818,30.975902072362835,0.10590194823502323
0.9025421407473414,182.93213592448183,854.062234087291,11.434116823481158,0.7006057064853177,35.27886037908783,0.2277311581061757
0.913864964435806,164.92954372416725,821.2723376543322,15.814964625941164,0.8287992238291788,34.047549350372805,0.23909904675064558
0.8961246630492452,198.26922759289192,820.1426306232026,16.406966925246763,0.8070281664698032,26.797595065431203,0.22292924210691675
0.8370128360947052,193.0519788270009,841.4634346852498,15.511629561370231,0.851124626964772,31.918407421751155,0.32490040411388954
0.8,197.63886456703003,837.0769855013667,15.206501261437614,0.8805170211669581,38.79720476437046,0.18938835221613698
1.0338213158797722,180.9252294703244,824.16637419605,12.916358096421256,0.7288263074811717,10.0,0.2529501999142288
0.9241706459362776,161.81642813040156,832.3331964038438,13.556644398015324,0.855373198988245,24.024965544521784,0.24565576714432832
1.0968488961097729,174.51909072747594,837.7749349099337,11.167694735761929,0.788099906546887,37.99189306110225,0.17756468957263696
1.2087340376504383,171.11151331999153,827.8949823942073,15.089783225611084,0.7990314370560192,22.06544765737017,0.17543648097899306
1.0423799158579146,188.03934722629296,839.5394398071467,16.118545321176818,0.7723912567762806,33.26659479475745,0.2825863351219445
1.2090640332737068,200.0,839.4398139356663,14.544560644885374,0.8527755280305932,36.30885277243861,0.24839539437581207
1.162417002198597,190.2138066544971,847.0438562547529,12.328914843947654,0.8021045237549385,17.332771386793514,0.29171013785227884
1.118347985863089,194.9768555477613,855.2510986042814,13.333876164058168,0.835465528230136,35.120804326762084,0.26918518385666623
1.2779036352376023,145.61335018238924,837.9762353450117,13.478321693302254,0.8175880919978105,10.340493687709056,0.33149574903033957
1.3361110696418057,173.67947036464898,838.4231810993924,15.094007791510949,0.9096473649250504,22.503544786057137,0.34354175470465176
1.1995558224900549,189.87797315094045,863.6672025269413,13.458053233885115,0.7218555847996352,16.872359941917644,0.2804618283888922
1.2994560288443355,179.2885241048672,874.2688807125058,15.597525807844018,0.7417475640432886,22.03885239539811,0.3358656970262249
1.37014313725341,182.86149152502708,854.9298748201542,12.269648574951436,0.8265669626830843,37.72103222791623,0.32847624143600707
1.2875877842899597,178.26099597372038,852.7484712237609,11.846226341718442,0.6777816348718462,34.229750323252745,0.3052063574024465
1.2305040222931745,162.3020893408345,857.805816773374,11.342488044170436,0.8478491634959757,20.56264941865117,0.36171273105595514
1.4247110376694891,181.0764484607398,850.4628190579718,10.897584128899467,0.7465645386380587,23.157712044662063,0.38300312198650416
1.3956921099628306,178.8216898229701,870.3576075402017,8.978956145395042,0.8542729600977218,30.00239731035576,0.34476542348618305
1.4090848411090726,135.94995684857452,846.6988958774701,11.162907633807023,0.8135949615246201,25.07032358992558,0.31850668330496457
1.4033545492537411,179.727624723159,863.8559279584296,12.888999840559316,0.8410882690620614,12.441914330464824,0.3255062310915342
1.4307999821417208,180.58702512083596,851.8884101140675,9.657415642673948,0.8391065492426002,26.07179225622549,0.43289480868535846
1.486722842769437,185.47305241347385,859.2995079697146,12.627672182091011,0.8064400716921827,31.47275717177884,0.3989606123624564
1.6546691454325533,184.2441802957184,856.0613352229616,9.960525312559849,0.7759481519736581,10.0,0.44907513407281574
1.4068801446777095,183.2861283327428,864.63971536886,11.750050728241243,0.7043197462590934,10.0,0.4220043454449227
1.4213678664962854,173.40456727193788,883.1223789656667,10.1711193961707,0.735944711490129,10.0,0.40436627402306113
1.5550433333919196,173.96047334760286,882.4031338891356,7.686328648456932,0.7335298879826483,10.0,0.46495174555083557
1.5767138920980783,183.4234257477282,871.2994045402961,9.349112502558569,0.6854778646347677,20.278598960231008,0.47597828868756076
1.395869485550978,187.7954493156744,880.2143224363447,8.117351113517937,0.7280304030377337,16.216362306364793,0.36697776317458103
1.4742276721638048,180.84784373010865,874.2479139781825,10.550517227951133,0.7870122887645438,29.04773367172804,0.45564439074185836
1.4498073254791306,189.82120323374977,869.5503274399306,7.949640886102735,0.7480768324025501,10.0,0.5339614545478553
1.316896240713758,173.12699155109374,876.6463911186614,6.328057415953717,0.7365208038272644,37.38247319015545,0.3994310988681174
1.5051456722331018,189.18399819964804,889.7862104852055,6.769083584781229,0.686096098498569,31.493324487695297,0.4940641829744187
1.5833647826922312,174.18688749652284,876.5607693452209,12.112940411630603,0.6705879593154105,10.0,0.41602342202166354
1.3836453848725736,184.45815642203848,867.6773788207054,5.528887060613009,0.7026776989319714,22.61198931305884,0.4830945363485997
1.4866689799470278,170.38071943674365,880.8938158809966,8.681906140392787,0.7546196538314962,23.346652523772715,0.4392256524619982
1.389688840572154,167.96970555547867,855.7103001827795,6.074074812238716,0.5822612122877049,32.02135607728639,0.5426656672139619
1.359012157319737,190.01559786490228,892.581961105255,5.0,0.7094329805090502,10.0,0.5393924101275767
1.133643619483961,160.59745561656206,900.0,8.569511244528254,0.7395884955812783,12.09492601464006,0.554817350349762
1.2879215755739704,148.1701404063998,885.9158096519556,5.570178697182301,0.7031374930347682,24.96216993931654,0.5678821989647594
1.288919583147862,157.5133692286057,872.506976985615,6.606696665630449,0.7256197119189259,36.87462352956421,0.6027874103382188
1.2265645481606728,172.69132832502882,890.4022570411331,8.943005280626334,0.7351429116449325,34.67561082650354,0.4748876775317722
1.2989771094521965,177.0781091614995,873.2589530434439,5.0,0.7552392262617654,20.980570918076964,0.5153995305984178
1.2193647257960605,180.5621056132352,871.1651716606071,5.118031685988627,0.6688113662478743,22.548520696273915,0.49493624121339935
1.1301701448047752,162.7293131284892,873.8998850682743,5.0,0.8266200381597821,35.18238718061938,0.4671099706661785
1.1543128683086514,145.82938920561577,889.4314754810166,6.612741364931868,0.6988866078406001,33.7543701250356,0.48792908375317173
1.097456135446266,158.20042942260767,896.7175130458241,5.134968578408476,0.6132319780788499,31.45719449163004,0.5236563596241071
1.1473495745778617,200.0,873.6933709467593,5.0,0.7293488002895935,35.57290977645249,0.4172322588714422
1.231555155567035,175.72133885865222,882.5806209453991,5.0,0.7402117980744494,18.883389027806096,0.5241869397945257
1.0262216885066242,200.0,881.647070278556,5.0,0.6385225644700865,18.56657132386922,0.45608901702345916
0.9940691126859814,183.8685190531376,899.0999000458971,5.0,0.6611446963989872,25.215930648258688,0.4969055254344818
0.8117541907267963,161.94863481500477,876.0716823344432,6.064007226726334,0.6465626106850434,28.32027586714022,0.47200117168348527
1.1440621967145703,197.69197172258225,872.4369232683888,5.0,0.771651085442969,25.361875840163684,0.4454223893221989
1.0031985652040531,190.4294232968799,897.5107814884021,5.0,0.7169967709406675,34.36110640844504,0.4219087345392247
0.936766525768685,182.37138425184835,873.0494760750066,7.728736111610118,0.5568439761559703,34.572599913363845,0.41642046798291943
1.1518838803091835,194.4462344255895,876.0466657373725,7.498436017767384,0.6325448889040044,42.50327520314117,0.4532102006109558
0.8712321658379366,173.36656293901177,890.8670764390442,6.864556810092612,0.6332066170065834,45.29357284533922,0.450602713265773
0.9102439266233974,180.125867320042,865.4765138435246,5.0,0.6473473333257607,34.096269612873435,0.4643794186535943
0.8,194.61471782107884,872.2328815553383,6.350402126885587,0.6741835970746475,45.24885311186858,0.5109879630045365
0.8,154.19760608369572,867.5030549879023,6.350527708921277,0.632025310247908,50.60495836891391,0.44261475376531884
0.8274636544735813,170.70538372350498,872.3524630353734,10.72119867672443,0.6287009338199648,25.37880808857893,0.4095482826314875
0.9245792058976388,200.0,857.8300845875152,5.0,0.6976562411227285,54.66119369869756,0.43110760032196427
1.0100061507933085,168.3179245998925,862.542903137703,8.395038561230457,0.6154040390120153,27.323670249331844,0.41579324247049143
0.9786994171559223,200.0,871.2626954572518,5.048995469077306,0.5922449535103306,46.03978078377492,0.42315308113934647
0.9866911897195856,191.7057417632572,863.711256013013,5.563582411809882,0.6120050010460429,48.52065391723875,0.4292419110544481
1.042403321876222,173.9954287088263,861.7939159502112,8.566459364502798,0.5960223388773317,41.57141639535489,0.3951950930657627
0.8439105286504803,173.72251654275627,862.1998250895819,8.679472107666143,0.6634669494779206,52.0428374500334,0.34415876129812667
1.05588399263799,171.86983156091358,873.4384956587371,7.136719189710062,0.6639094361377634,29.77069683011174,0.3818425518434639
1.00178388405163,197.36472527475496,857.1918054206636,5.695693183712336,0.6784274374360361,38.58319950404929,0.3680759110257792
1.0701411790780333,174.63577526296365,878.3125813772394,9.62809886530848,0.6420639208585073,58.46051433099039,0.38173092206630815
0.9873531044545588,173.22758906139254,862.6837141613275,9.644553339738788,0.6409051696930779,39.19728174194462,0.277905126839272
1.0647679654632087,182.0603329215025,858.2098635485548,11.010721646377078,0.6324146534306853,39.32909141632512,0.2783509586552472
1.1132442244143763,155.3105680229875,848.492931510291,6.674492983835995,0.6544912637078817,57.1935976917578,0.26357472001804544
1.2661307543555158,165.4291528986269,860.8252501854157,11.328973465680448,0.6471672059033335,41.81282187656865,0.27869834946274086
1.1288514302498576,161.34205517925437,863.1137610463336,10.233377578675508,0.6390171643845673,53.38767689085943,0.311265749517324
1.3082130751052814,169.76708829166984,840.2047314844117,11.842027565686504,0.601191099010567,63.20204591275428,0.22445320979359765
1.2112803642293153,183.70779113938437,857.7242447204352,9.738914087215989,0.6125808003316039,55.05930571350949,0.1334524009259885
1.3228309944602754,176.08072550232788,848.1625692591717,10.817049469237103,0.5424808131118553,42.4526602337367,0.29271482686038464
1.3933414950043803,176.71280383330622,848.5171154126618,9.818549505310935,0.6226835892095248,41.63628139391085,0.3368269190001134
1.3380314509856366,165.4359023786393,832.4009457175957,8.28791776144786,0.6696659638163209,51.36459671212742,0.24934819082599696
1.3220597417317506,147.5423363673987,837.4483912056119,13.39013276403898,0.5967673536228646,67.89073638456179,0.16312034547011067
1.4884635274884774,190.6607016432488,854.6748364916597,13.637468167253436,0.6237821989298872,63.83359675538805,0.20060385253105634
1.4288723518415536,171.91928508660015,822.2534391929032,12.027623455439052,0.6098087887287335,48.219902098220864,0.2073012647704115
1.5032582737677265,179.23884296978162,833.6791556017648,11.443348746028486,0.614236145872766,46.473057154856825,0.31350186457987755
1.5557711125057074,198.32494268649464,833.2648477402873,13.761144485950934,0.5903498314636273,55.55728198786867,0.22375595770271253
1.4835601902104456,200.0,830.4431241555566,13.797106180071156,0.5698428491994196,64.2693817554314,0.28968610779678144
1.5615099404066974,182.63130442510857,848.0091001048069,13.39322805125292,0.5994170232997522,67.01064427573374,0.1830534119121505
1.546119502884698,187.98234604886704,832.4479916856766,13.94162730484488,0.5694046536642856,68.57538743352394,0.12969963280470653
1.4918628721495144,183.98418961680431,820.1091857573156,14.672444407553034,0.5174779527422952,58.67940707628563,0.15445828785432325
1.5300542289402108,190.09922186525756,835.0820085915834,12.838816402894215,0.5236278873748145,51.66556192609423,0.2509872210064407
1.607546590240008,182.24461218817189,833.7330827645457,11.866129765247306,0.5559209677752107,52.36658626699781,0.09203596903985295
1.595506971283995,152.54644015918083,812.6335146936814,12.793199244847374,0.6486392180501052,59.683582763456656,0.11228182753378607
1.379026843445585,172.64119283669413,823.3710002722345,15.592034310158391,0.5634660867331105,67.71722441918239,0.20855721031331287
1.5661471503632474,192.11808290620297,813.1379802440039,12.548834752299635,0.5,48.2694001775745,0.11673070891756122
1.5156939427437237,173.4771113730622,832.0501081188428,15.738139172393687,0.6029611020448566,47.69338654554598,0.14878671971849283
1.512073425401198,165.26156939781106,809.2849836916296,20.0,0.648400516666836,49.51017592863897,0.12902087130362094
1.5811477586076588,185.50458822548475,820.3428819536815,17.159459856985507,0.5946515025162337,79.76948692260581,0.07832790609232987
1.2398920829356257,166.1919727410811,827.4609751507991,18.569173681074023,0.6146899410970657,56.98507461179762,0.10308488378271162
1.3399714531571765,167.11785849551322,805.4810796522086,13.382165038099943,0.5934074523482464,67.38493918943378,0.12967508241132678
1.4574201696038875,180.5671068098121,823.086402645588,11.613744465203824,0.5279009471491295,84.24589056363313,0.08771130325287634
1.3526692745723772,159.41858733947214,830.6590678581147,13.817216933784202,0.6237790383849274,89.88316736129265,0.05
1.384123804952434,168.87100606645296,814.5600206816234,14.957364547075866,0.565216256145811,59.30175106672149,0.05
1.3720072169881563,182.8714029402471,807.4092313311378,13.252050899152342,0.5410458169599637,93.97292648659727,0.05
1.3291370353863814,194.2833210467739,800.0,14.118501809281716,0.640275365216185,90.0160007495798,0.11172008827589015
1.3246864055360985,192.53736957777127,812.5180655852943,17.08978514285875,0.5,75.78329816391766,0.1275998411478043
1.0374281234739255,171.79194143041215,806.4093297962021,12.30484860950334,0.5299125287491596,95.0,0.05
1.0742867058513794,163.93082435477507,817.9106321321561,9.700621484799406,0.5,77.8595075568289,0.12047111105213935
1.138493138168183,191.1378276598408,818.6946660554903,9.513244883629277,0.5914076028696088,86.78266690729399,0.07800226371471472
1.2049633440601633,158.07055688496146,830.8722309036816,15.043095504937146,0.5755880944774445,95.0,0.09984352954766994
0.9796121762896716,199.74272659064488,815.6442329092802,16.542528511215675,0.5764385745524245,63.101960564760304,0.05
1.1285735625709763,185.7733566809108,816.4788907262262,10.66064495109329,0.6464249006386247,75.31665926136698,0.05
1.0945074457400557,168.58296978941814,819.7007984776757,12.133027462660229,0.6141176465959748,72.12479905146758,0.10455394925299834
1.0231144490716442,191.0581581783128,808.7489263637358,12.277546589798655,0.5,72.49057387788116,0.15815332138838734
0.8967022095465194,176.87215607617802,800.0,12.05445750812847,0.5596045984060816,67.83473420113985,0.07638869776058552
0.8217782259285769,171.32937080989203,818.9468228833385,8.827986747029394,0.5160184339003882,81.82555740688477,0.10722497799514115
1.0770653909383745,159.86372690885406,829.5067304391306,12.77578534613676,0.5708622887848211,80.2320464007469,0.12747035359598477
1.0837916829714862,165.34974560194487,807.8437738593723,11.370030623964244,0.5603401273691371,74.77027474231662,0.12744505869411735
0.8,171.7451821386978,825.4666805583373,9.55751803818622,0.6087264349608228,77.65469842661619,0.12060447605759199
0.99528770915771,191.70645294009967,822.2140986856549,11.717313995530162,0.607766252477302,95.0,0.17534099292929634
1.0301696101367583,180.18082114467455,841.2614419650447,12.340730542957528,0.5090606205900515,89.48620293150046,0.05
0.8,200.0,845.1081255053818,11.033863603214714,0.5735989231640493,86.765986098716,0.131486085153052
0.8141800481456962,190.4425902226731,833.9385977611297,12.967788933448452,0.5331460586588463,82.72127821494622,0.20579520870758652
0.9187326186135978,183.9839079808721,837.3420669080091,8.271352175128241,0.588319491158555,81.99143233674458,0.17324083734712653
0.8,200.0,843.5902232442768,6.096086289770681,0.5754175651602816,81.7155064838972,0.10496701372373217
0.8663541837250784,169.72252958821724,813.1217370639778,8.106264047647423,0.5527557167800814,79.03015971285141,0.1923191107819775
0.9004698647775055,172.00008475679005,818.1940488845744,7.15846897289885,0.5762341299957074,75.02126699911167,0.2500385527350491
1.0780338303095176,155.26557419622708,844.8497856247276,10.366690299632037,0.6221498517137038,93.52337336425543,0.17586914946020948
0.9729938851620408,176.50668091637843,829.1188063280159,7.175231139363655,0.6252476351619883,80.8710454580937,0.18471525755384838
1.0989403462547247,195.318474941417,850.0300047973171,9.63337266435234,0.5551776610366753,78.9152596237403,0.2075215299469031
1.0387566293453327,176.0414308855413,845.1815490191003,5.812713177426765,0.5485158415789423,73.52190942002726,0.19897909926735816
0.8,182.9150673955315,843.6175239363257,7.82402758764507,0.5,90.89568500023168,0.18717700697725514
1.0423345757575138,194.47833321678564,833.0208669073237,7.941623795068753,0.5639558217388938,88.4045641629947,0.1670019036098654
1.132924941184021,200.0,851.2354517739715,8.032042960163151,0.5744980632531537,95.0,0.3125369797719341
1.1768976981909685,151.83792988928326,850.7349921953089,5.0,0.6229500407691311,70.13792810467459,0.26511922714770636
0.9993296651799066,187.13875777635167,858.7992155143386,9.83098063922474,0.5046722453866588,70.016966205053,0.2188392766758871
1.1235804384104668,183.0554775455201,847.8562181587671,5.487050361827359,0.5273264839239651,80.56978086392856,0.2837961015047601
1.298928850347212,186.6011456933041,860.2267226523492,9.441674786177366,0.5327308366331023,95.0,0.28340133771167086
1.0526685958172828,200.0,854.931653261945,8.753753028888001,0.5558787166613125,62.30221934491412,0.33010278647481167
1.3937305109043585,177.7010077949369,853.4956352644635,6.06607129904434,0.5882847771292953,68.75719793668813,0.28473421085529615
1.4075146251579187,172.93172416587427,855.7592924364689,5.0,0.5630415565131399,80.92882145345396,0.31790564900773444
1.3838504250280743,173.74242877704967,870.4194968259391,7.4490156124135005,0.56783531991761,69.95467156387326,0.33524325821949985
1.3294733849014766,162.11563967982184,860.2164432339566,7.8680081978293295,0.6357289746000013,60.33140198833672,0.32715257156012906
1.3168405285930438,166.51140085221644,865.2276220775641,7.332490346706206,0.5676656110908587,57.41975370419899,0.44269058684752405
1.3870048162617787,163.55610366460172,868.765321502907,5.0,0.607895404044886,83.37646935248856,0.364151174014151
1.4236971670100342,177.7069288750807,852.8026963045303,5.0,0.6141414016182289,75.30810714883724,0.3470696762468536
1.2428671559525717,196.50687382649028,868.7333298508935,6.957298679910052,0.6365113249379157,68.48551970230831,0.4355789683505718
1.3504919148082464,185.74632113553864,862.2066763931322,5.0,0.6087889797552989,56.34804162592602,0.4200120040992815
1.3313835732040968,155.16738490181356,860.8159349058253,5.0,0.5712414445886772,74.17026576710681,0.4188943287817264
1.3554195467362038,191.25632686744532,880.1331393426469,7.381184275515135,0.6592612550358649,75.72439141668563,0.37132100153466086
1.4260297968775322,189.8390049232292,876.3585198508683,5.0,0.5099725653291394,54.84640313323609,0.4949485214246172
1.448507616689725,165.42832829008654,869.2933430773337,6.029096265260619,0.5677986263192785,59.52972381049589,0.43719022403644514
1.4249006630047765,165.14199867191522,885.4775153312391,5.0,0.6446617965664252,81.80078923482974,0.5320840836951692
1.4243317623540073,168.03727757474786,869.8954827832724,6.6434524473796,0.5620496345483357,80.53479148103985,0.4932684245406611
1.6514006369690333,175.87875647312316,871.6684834194235,6.258415339385828,0.6059556672941591,66.47340998203025,0.44043337193414145
1.558316479595529,200.0,875.1171197942588,5.368367936173632,0.6039626230312679,57.90935142292685,0.4709795780836586
1.4730187992870696,156.63878259077617,870.6983576341391,5.0,0.5367173478487495,52.96135977913836,0.4728077257230724
1.7192979295851267,167.2614103343979,862.6842170821866,5.0,0.6035464178558094,61.959844357302096,0.4915697061074942
1.2620214920434862,195.10741795216188,878.4871514056199,6.52992905877881,0.5,64.04199485177051,0.5555986677821798
1.3792406741117385,168.81259248945793,865.3606736897641,11.295013040052758,0.7201738068357524,62.84685206472093,0.49799762942457265
1.362691954788008,200.0,876.0042851988435,5.0,0.5258965031944871,61.215162499195465,0.5385708554107752
1.4365932752745487,154.71418576311382,878.7998076796564,9.027906828630687,0.589548277265835,46.931271273259455,0.49725781423873366
1.6379085895651029,176.74283664735327,872.9928256754075,12.00931730891656,0.5168714601296382,58.768834066503246,0.4256430395351432
1.4033177628507807,187.5405542813588,875.2972932893193,8.256897197850828,0.6261339178166114,68.37016445022608,0.5258075135673702
1.425814902666396,137.6479203018793,876.1106238045082,8.316572908714392,0.6111694957409537,81.62614086395122,0.5232194653937161
1.3573782013460678,176.25268736318998,892.3800256314906,6.978413817278165,0.6051596253755989,49.84316364053845,0.4769615040653641
1.3546062718704737,184.4392230995858,867.1384308675119,6.877712423722361,0.5874182944203861,41.98703965413053,0.5140630458625763
1.2842975154329632,200.0,877.8676912200048,8.171850810633075,0.6282866991489672,32.44740294918583,0.5844064759826195
1.341270454509311,184.47677447874796,863.2927843341625,10.04826875509923,0.5979311702083258,63.11923654914629,0.5457538419183465
1.2723937766823246,177.8310748511659,878.4881151670959,6.870724431720729,0.6104197181146439,41.923791290156615,0.5127388220788145
1.1253088840862135,185.30953583425512,883.9356765606324,8.808881980888957,0.6408082748308037,50.23121449031746,0.4752778246481791
1.1864529957859995,185.86792342956488,895.0695431542182,12.068894900774804,0.6333585791428421,58.25366716643443,0.4436670265105481
1.1185972769227337,171.04948159980987,866.3375462142071,9.560038962118965,0.634738757716769,52.334692009527885,0.5053221536450369
1.1369953760332852,187.2176970242253,878.2252254925314,11.67367722137334,0.5667272495823652,53.48756936958111,0.49507415279161104
1.0821134413558908,178.75621220897509,875.7138365283254,13.8080975416328,0.5880083874862789,53.72452818918536,0.5183487557942937
0.8648306155448762,168.92151685833542,880.7270638087255,12.930899758463704,0.5,55.5558802914603,0.4328729021598089
1.1492927908162716,196.91565269620185,876.9543608677535,12.486789698463094,0.7611985924185544,52.879289389268166,0.4423327261681489
1.1331698686424607,175.55274077490216,871.2590553236544,13.48076246336763,0.5904172926310591,34.86989212735066,0.4308076059326968
1.0093976178974928,185.2326122134655,862.468620951829,11.34528672212388,0.6545110955821642,37.683120546494266,0.5623451059087475
0.8,149.45004808105028,881.9072415262796,13.042814650098856,0.7285355449743651,48.96351205977163,0.5437890259022531
1.0736883920972873,195.27839097634757,865.4487739948378,14.469115627734398,0.6572061321191239,22.74939525929036,0.4842228963031304
0.8937158457688062,180.5868749359377,863.1316020473739,13.475213642537067,0.6296812328963377,44.13976743533561,0.48172228670358364
0.8,155.83769201081884,877.2128442747666,16.34657958656202,0.6823065792203631,49.51855571599085,0.44343785073165887
0.9257970277950884,174.52174730506687,883.3441515991093,14.57163420408586,0.6393103930008432,45.95969880233619,0.49183346345057777
0.8193467426180254,180.0025818994699,876.5465782023853,13.920952565546212,0.7105394507787882,39.20840450834186,0.4648142507012559
0.999373837770285,194.7173321334416,866.5423872820976,16.664745906179924,0.6947324976504204,36.04121359885909,0.49647196104523966
0.942890922254744,180.5476433346249,878.4730569021275,15.836121605829836,0.5881944943384826,32.40946676307226,0.4123966138245112
1.075027327403525,193.6449749640346,852.8070444699514,15.061468439043573,0.6611200927873451,24.21743199138904,0.3952514540469755
0.9810908564347924,166.6877188688843,861.3316683117846,19.69464375721106,0.6917730474787479,25.475170648907003,0.48728319228908656
0.916648964245977,162.86237354164803,844.1980591822859,13.346596381386858,0.6336114050476249,29.814205842486142,0.33446984721218065
0.8778944966045492,183.09821584581465,881.6620606932189,14.626965889266536,0.6479060489906796,29.52855093098828,0.3380614628247703
0.8286187105373479,194.3196296776288,861.1942575186692,17.08084318445366,0.6784061606440722,31.990443475072027,0.465437143702788
1.0945429032563732,186.72924054866056,870.347988139525,13.424135873630338,0.6548404592384288,42.00831498236799,0.33515729037505193
0.8813744945113587,169.50395721859954,859.2403908186558,15.957261181562338,0.677540835018659,44.70735739868953,0.34713319839622075
1.2904458294895107,196.06869176550677,857.6576386975622,16.826842340163235,0.6365866126484673,27.291132404395626,0.3483916923212662
0.971920668347948,191.30507684223696,862.2267056626579,19.86503773001597,0.6762790919900514,16.201181678580888,0.3560992414280736
1.1114028499976292,178.45494629504776,858.2547882083858,13.275436767807156,0.7217565671528383,19.75668545250434,0.31092803317485346
1.0949464397920243,179.87306571488756,869.705436625518,15.438575322684388,0.6009768916290914,24.27054038976848,0.3654299352985964
1.0605486008298168,197.86892831973336,854.9831333478197,14.737306478024092,0.6674571144952361,17.152202926657424,0.3540100731980629
1.08867637324457,182.3122498013382,859.4439767096386,15.246547144333912,0.7746592367117364,27.130829551628555,0.4157752809191979
1.337004663889145,192.82508538281957,847.6509494971218,13.58820019660828,0.7366649368669123,17.5242245108541,0.34210135976918143
1.3088388714116177,181.31388110854112,849.4008852033185,12.42386908522819,0.7587100185974159,32.03404284513832,0.2918818726082099
1.3266062856325127,200.0,842.8774176486698,13.321097008803225,0.7384385087400293,10.0,0.2961085066127026
1.2681392376339988,186.38371514050385,836.6736228229187,16.82511947000161,0.7415484621910828,20.42043138618763,0.2245199977265008
1.3712747950715962,179.4831567599201,847.0574564205804,13.3915092365485,0.6755593938091965,26.916273100804855,0.2557892313182802
1.350828435268286,200.0,822.3956715790638,16.952531094473628,0.7281238583236828,30.32298844530484,0.28761797522699317
1.384527759435209,150.4400044380528,844.9517066447698,10.194586495760005,0.8038343619109127,14.56003055876771,0.21881511196256478
1.3880193463894412,166.11367743929253,830.6551190174109,16.9937279642549,0.7324186631890545,19.094764708257955,0.21204748718313424
1.4539961928618872,175.78824732318387,842.6554739110852,12.73070683417506,0.7509552608984403,24.72107301847185,0.21181676182251405
1.2244320579316827,182.03483063146203,831.822214568901,13.578804833014276,0.7618438860246421,18.957586312100112,0.2358732799468176
1.4145206463228044,190.2483579759889,834.6889660820417,10.341712130745002,0.6947650192888166,14.375061965400596,0.1858895133288388
1.4317252696079172,153.6433039045836,840.0298809785336,10.546400480389083,0.6620688912473561,15.948681925034112,0.27681926009357627
1.5458092234963148,164.41219467480232,841.192382820632,10.405047158172035,0.7952591372033812,31.36338185659792,0.21870628855073418
1.528350766617258,184.52819554378905,832.3130047663899,9.510800816755424,0.6831875326024824,14.74874418822298,0.11701638366890231
1.3372117968066126,200.0,818.830211179512,15.000788824475954,0.8681640431277606,11.126962947677908,0.1091456823217295
1.383953153386375,163.41563747297232,815.4911713921558,9.186989761178872,0.7903582381281501,16.383992345205247,0.10351336009333623
1.6151542186548988,168.73092868670858,824.0758334426832,9.331142111794458,0.8531384211051537,22.706293011368302,0.2165482393284202
1.4670662554106777,172.60494180382378,835.6056982912223,7.722870471003573,0.7222710341443015,10.0,0.20677541318444162
1.649802262076303,189.64248576849985,824.2449081521353,7.847887452017738,0.7787538229457308,29.21261398403623,0.15073602202920983
1.5508619390092426,189.1982701902375,816.5975624347922,9.222154058565726,0.6804224515769735,22.9228184508194,0.22281100559581177
1.3851617724695655,167.5253022988681,826.1569224476385,8.185558616920526,0.792654010073268,22.110815714073397,0.14673120209940488
1.258721867291946,163.4956147852864,841.3945132267836,9.92243035024007,0.8055197399591896,13.334455013540762,0.18336570725742987
1.484424177234294,162.30541682260431,815.4527645868064,7.2625140152607965,0.690095759469072,10.0,0.05
1.4441420451408338,171.26526299336223,820.5034607757561,5.0,0.7580598036637165,10.0,0.14099362691997328
1.4310304797258029,174.18720922232112,803.9522197999403,7.467116186823111,0.8181789790258825,21.13375476354436,0.07274705028012693
1.368159133304687,197.7343058698368,831.7445983750591,5.612630323691796,0.857973080009461,17.673248961514204,0.08002182576926173
1.3558830071975063,192.68424338217997,818.0735073413787,6.807411573984963,0.7549623701066094,10.0,0.12893067973250696
1.2030060076571558,179.64365536617277,818.3247347929681,7.714842411955097,0.81103978265223,35.89642798258988,0.07592593686441843
1.237012926578179,162.9899342345339,800.0,6.801640777881524,0.7668066813417633,21.45580082052275,0.14355384098514742
1.312278413753668,167.311916359267,811.8148828678768,5.0,0.7942777026822292,10.0,0.06271483359429214
1.5494557275021887,163.61722544139442,809.1879228411931,8.848089082788423,0.8383354922981096,25.02788706847859,0.1287791489336983
1.1619925657945205,172.08939121905476,811.1433712374264,6.427609373378798,0.8190935282191046,43.82067575952749,0.1618082817991589
1.116149911234645,200.0,814.1176021351191,6.829114230686925,0.8379852619493715,44.67220681156203,0.05
1.0898921560966353,178.48981792752733,803.9730268277733,5.0,0.8159513328001397,31.90050148507087,0.10448047797246467
1.1068172752760557,190.63849915412453,835.3708359529587,5.0,0.7909042478658724,35.25826511620792,0.10572648909299902
0.9607579618603068,200.0,820.0800336664398,5.0,0.7727300167807548,16.21645274022245,0.07846566957784923
0.9722626233621962,179.2498243980076,819.6242587336251,5.0,0.7826085150820031,46.36882894516113,0.11119290420383299
1.0553513625807962,163.59380873967285,825.042193898829,6.257870728343147,0.8323216860807428,36.42114178466964,0.1607128518718125
0.9082064587373928,166.69784753610966,842.9876765759996,7.200857405008761,0.9011933073631608,22.1401692001727,0.17126680528904767
1.2270547139861177,189.84818534009807,834.4634471990803,5.0,0.8474354644295556,20.05322716822833,0.07475353141439803
0.8,173.02692247995978,811.6786907313037,6.171332999144248,0.8131330588899837,21.943351231378003,0.08625559474678691
0.9712801936575202,170.11519447913946,802.5862160168666,5.0,0.7597463797785611,26.53892934472956,0.1389378055420096
1.027146137558942,185.20070280035924,824.4099553952326,6.444344623918284,0.8013781390938215,41.40786983057448,0.1481799058070118
0.8674310369877769,179.11666077148223,832.7741472075132,5.0,0.8430140059002514,30.408562978364948,0.1376015002592609
1.0787238206877907,180.720563269958,833.7698878525573,8.487423802396368,0.8205244882187747,43.94749495685964,0.10839686382266808
0.9607371302545092,187.01299990065655,824.1747991922185,8.393584844396088,0.8787164799561195,44.69238858543777,0.10395968422475091
0.8751850676850437,196.99697940670123,842.3570964695208,5.0013398984259805,0.866206491607761,30.38171181201808,0.18217054430041218
0.8147347549589543,178.02210708013428,829.0907287184612,7.905123524792158,0.9048276573694278,50.77856933244908,0.15639969442017737
0.8974677025519544,189.656541088592,836.6449818678417,6.287427284108005,0.8472823734767717,42.988735085675344,0.17923557601221407
0.8802762396055611,199.18484405693096,840.5681528213656,8.139759555702092,0.8857707112083626,56.84699071668258,0.17203096661173475
1.0161394439215532,200.0,817.8871829998899,7.352033288344399,0.95,41.47803932408994,0.18650591347397488
0.9590861917277482,195.1454465674114,824.8886067735241,5.0,0.8049096499647873,60.03845874343284,0.17466058914136623
1.026854157512185,181.40125721014803,844.8925134206061,5.539497016813088,0.7284856050126566,29.895053560207455,0.2668899300096996
0.836599257305934,195.78472935917043,811.9724468616355,10.665442646733071,0.7920372562981283,32.0980530971652,0.1614440466462146
0.9001604114497532,155.29351995517092,833.6667829534327,6.0893697756506615,0.8644317359232476,43.44863499832502,0.25509906315916164
1.0264405958171472,174.60722626106232,830.5050739108378,10.016799244356385,0.7730583686744164,40.02586334326112,0.25894591903370023
1.0915297078205437,170.3966519386826,846.0412432010377,8.234815960076359,0.8549312182097635,43.17056019251065,0.22378423308113743
1.0222377057500849,200.0,839.7449589568471,7.842295479959406,0.8564600677918786,64.69096099877308,0.26693295895805247
1.0286539645245951,171.54733518974862,853.6858192661512,7.1720203661756585,0.7760306201239071,25.88174003582039,0.3247597399957567
1.0353599204756168,200.0,846.8335417859369,9.323226676834723,0.867685571848217,53.65798256775854,0.21583236856378168
1.1476752738370428,175.3704034463994,848.5890311952298,9.095499811715548,0.7943491105954906,43.03412615550907,0.18594428017527864
1.0234305052948582,194.00708011317224,830.2587964287334,13.571986542861776,0.8383319036266196,43.52344581139949,0.2820170738858713
1.102951975754619,176.64944021432058,843.2405860552323,9.047798417407666,0.8900340044801118,21.674911853833034,0.3042614895423398
1.1380485254417432,191.1300076282223,863.2310434689156,9.47044041992766,0.8704742235641272,40.25262614315505,0.2974441146521179
1.170950158004991,181.335987130694,835.3232234941427,11.18810997126677,0.8261428634067258,48.09136435368793,0.41131329461236915
1.1584684727182983,167.67408549117775,839.0567686989117,9.991370086361108,0.8689864123157516,62.45094339408854,0.2485697848368163
1.2240597705826488,186.9044096453202,865.8083166734057,12.737551608774629,0.9297337934429518,69.2212650621387,0.30284498648660435
1.3930445263259743,188.8752017201364,854.0034843196584,9.740472591099904,0.8595540689028932,65.69162009053505,0.35667665314479086
1.2939199762283171,165.53741184131238,852.0605742625421,10.934654200425593,0.7680644203814151,45.29145071141491,0.4121761700993579
1.3454407670015918,144.0552923411244,831.7272354694686,9.083131215175111,0.7968468988827966,59.69835472679367,0.3825100159080938
1.284107734193224,178.80457097650006,868.8489932138634,13.569062539389671,0.8563201007555169,39.37314666236739,0.30516854156976775
1.4770131031464693,173.1639960269078,861.5782743859377,12.022437618445371,0.9355444964131032,62.19214969767632,0.3824430059262077
1.419211064721199,192.0884985515877,865.3400878513321,16.035734793952386,0.8529093501212831,61.799540962934685,0.29279836790100944
1.4879612980551302,189.1480475215867,876.8731018777953,16.433305375893458,0.8783552471916372,65.31413831854775,0.34792519356350804
1.3919972863436867,196.74826483246025,858.7752480591209,17.091593221804086,0.7739124899756477,67.90548758483087,0.45484732952507084
1.5613774407885703,189.29837163411491,866.1266838453282,15.304657176075253,0.8906343452468694,59.85862434369145,0.3799409464455314
1.417276499907196,150.82982212194526,855.6669896603593,18.07067860108248,0.8213953759118839,63.31454461548443,0.511844719960898
1.4306377111623916,171.63424292954042,872.424118131762,18.305233190026627,0.8720829835554988,58.227428980105664,0.3568239660428285
1.4668078959656603,200.0,874.7099164052173,13.180431494152586,0.9061186328296112,62.45188558084091,0.37818492882355986
1.4353183004765666,166.0138094424815,859.4345797183308,11.723325591312571,0.8438233696470939,60.63423915159981,0.4821385134254056
1.4533643124132332,168.0639333916772,878.835368426552,15.399511101432084,0.924008168791332,76.43272999412821,0.40094355180713614
1.6180887698202235,154.88541544440142,865.6498707059798,14.56244997873952,0.8988899832069963,68.47740216286772,0.4034593180765428
1.5260583624936366,178.6031234912423,881.5320258813354,12.15313798352813,0.8970563934574874,84.39838372459218,0.4776052927425529
1.537728784335773,191.6263716216403,875.4166056847205,15.035358473226117,0.815045363521314,52.60511064519868,0.432762868907411
1.4017361699176216,197.53319303797852,866.9779807061509,13.04753578886601,0.9342153637204352,88.2380652914276,0.4051342778387117
1.3920144513903314,162.82885468662317,887.0372641456021,14.158705945828531,0.8804495336887304,74.08020389821141,0.460541710605551
1.3715497344841068,157.40552147412757,885.3574162536595,14.738882756696489,0.7927249098172876,86.60630437522254,0.5287598288680252
1.3083404682132054,161.17309926458086,893.9787823940973,12.074687430555104,0.7984566571658074,59.10248939966485,0.4624709005511404
1.4115696705759673,183.46827020540528,891.1163155872667,11.54993363096164,0.7541629862701323,68.65080566077914,0.4444320545285774
1.1924662161733497,200.0,866.4757146747179,13.361895335275882,0.8415031452048773,86.68046309558483,0.5197889147087896
1.3356396811126183,181.7809114545536,870.9055916155647,12.822885998882583,0.884935558098122,91.71596237513278,0.4812858049694484
1.19643709322622,192.47543241144584,878.1103223302011,14.907095407937602,0.8771272584784451,91.0671256927966,0.5470272562293178
1.298480071306809,179.61716448750303,888.6085147298601,13.075345048043395,0.8700173996027205,89.82582184135245,0.5389544706868921
1.3887938115166032,176.79160361089356,875.4069404003243,13.751624252446083,0.8126925497696409,74.99297186169703,0.4573453100906901
1.297575409552123,165.03694936126632,890.7722965961218,16.325706622323235,0.7961553608659194,63.4618469226309,0.549293048247883
1.348830514551492,195.65670293368495,883.9414278620308,16.65328229621997,0.95,91.87103780212236,0.5261554353319257
1.069351921605471,193.8929673770664,886.536436548724,8.432769920458838,0.8007001273250343,78.3938415896587,0.4828198760520754
0.92439656563239,200.0,886.5638224464402,12.67368013831047,0.8569301285125318,90.73841770658328,0.5225680960882612
1.0639107672391368,161.26500174941123,889.8363694589295,12.480834104863654,0.8920129378472625,95.0,0.4402921164687146
0.8963082250423887,176.55928604156986,871.0941913070568,13.630019680725251,0.8893053831724033,95.0,0.560737179922962
1.1345210124004987,178.6610080199149,866.5827497250782,12.5076565172301,0.8721514662156026,78.9061710841306,0.47237245444520876
0.9672719542833312,151.616382644177,870.3910266365759,10.754263637484112,0.8437718214173204,72.47909527758335,0.4916582911152015
0.9577855752729812,200.0,863.5678788234133,12.016665707384616,0.9177062320987868,83.14966156687797,0.45166421268563395
1.0947579043579825,181.23227291320163,869.4380713084994,17.020287718373787,0.837464607438627,72.67179473921269,0.412758844485129
0.81687528059133,160.19612702939753,867.1565163337007,9.677980706580607,0.8478806967013284,85.34913192815638,0.44730044593806234
0.973378689610998,178.8695182601388,871.663779340338,11.248961643259571,0.8461031989024924,62.34733498224784,0.45163980677839083
0.9588826270444128,200.0,866.4805197147647,13.195422769172952,0.7328403862676061,81.61627944840359,0.3838949024541207
1.0431219268051648,159.11003663974012,869.043051631824,10.39778249339311,0.8230767363113692,74.62945234248747,0.38144033403274424
0.8323603197272585,179.08943148892718,865.3299319500665,8.049561471288765,0.8963967056411696,73.53674594591892,0.49726580569086776
0.8922584282377961,195.8846773411905,886.9938486427576,10.457724810852032,0.835195659815415,68.6076365407017,0.5244593571785591
0.9322742971185204,200.0,875.1332138699863,9.928151347379966,0.8058208366757049,95.0,0.37428035378171276
0.9120311802960523,182.63743088387028,871.240554151342,11.521657672817485,0.7688318187384509,80.07429930447314,0.40574069036830274
0.992999010814338,172.4750321255862,861.0258689832357,10.084368038080536,0.865877255982234,84.21559073847772,0.4041051290084949
0.8860141954043705,197.5011499501433,853.0332238923831,8.644853668167086,0.7859358219526116,69.3762157333316,0.486535983728108
0.8902882874886395,177.2066140581304,874.8270339743116,9.594324024725283,0.7941651445998543,62.93556307709586,0.4382485820650045
0.8840131297376503,182.8251467226547,866.0885829607083,8.293944471388727,0.7915469205676444,83.39258360123551,0.4421337198239567
0.8099121679050487,164.5219841231624,858.2903606550653,5.0,0.8312275373619102,94.06915435521844,0.3754121870331006
1.073408860490496,162.0809132975267,876.4482814808506,7.084719520695884,0.7834174646346382,91.843531104111,0.3973415135674274
0.949132124031138,172.05924251306007,861.5076365599282,9.513518144617636,0.8175827846192917,71.89457710188934,0.39029551161611153
1.0788490806224145,196.0489799515218,857.2893317349187,6.5641034713918,0.8116659405956904,83.31989488364908,0.3299699753348567
1.131826561751248,172.57005059517545,865.4810272885146,8.635594071006722,0.8069098697620005,68.34969203786186,0.31841705088598227
1.0102981004112772,181.18245683985737,857.7676715385976,6.510998850429272,0.8284634379451921,89.63620958685337,0.3266375113223286
1.1429011498681376,186.76418787347563,850.4021371595708,6.880032140148666,0.8608085554238478,95.0,0.314296234526787
1.1008810478688065,186.656679597608,849.6899667939405,5.140593299338051,0.837077722047463,82.83788909061347,0.2747144965122747
1.2296456084086356,200.0,851.7890691249858,7.258395224820647,0.8456314846853247,86.23311497744032,0.3797721927919936
1.1442323488279385,190.28974517186984,841.0795877120798,5.0,0.8247824911636262,67.21695758078079,0.3192540917580661
1.2893629911912727,161.86170875588994,852.587219166395,5.543299515669347,0.766103953981643,82.75084740424072,0.3612826303075171
1.3023882583353448,162.15740804263828,834.8227891379231,6.23550775229929,0.7569684490910236,72.9542794968122,0.25725847555428805
1.2550383209220743,191.734457087691,858.6290793305319,5.0,0.7122356051124097,39.07807736445078,0.2921624778086371
1.3949062525277585,167.16252013620968,852.6171572705708,5.0,0.7969753108038947,69.05067920771651,0.25645840027155975
1.1235581939500583,181.48303250301743,849.1831093010966,5.0,0.7562462433682849,70.15947957307564,0.30580280007891225
1.4350455524856178,185.71562950684907,836.1691168931278,5.0,0.8065235857286109,66.46394814765995,0.33160337671690554
1.4222664035030763,176.59350331416124,869.3387590703013,8.740848084623178,0.6570927686056127,63.59575674174432,0.28424452731226046
1.3609181623195628,185.86619506577875,836.9491821047578,6.338984302685979,0.7287457850087178,68.68564022400936,0.25849457596196224
1.41552978947329,182.04562269206804,845.592155180878,5.0,0.690698388641562,54.412992075786775,0.3004108990857931
1.4731018593291323,160.59178307859156,828.6288993626837,5.0,0.7240961821212895,95.0,0.27898731042462477
1.4520279539504306,182.55079817592616,853.3957588310448,5.833268432456047,0.7764667039707839,60.24255236538299,0.17966973745977355
1.543674769781005,175.1035440674384,830.0593961775426,5.467966414585264,0.754578905929474,87.06191780089807,0.1388787559335325
1.5078086032141702,188.9195318237055,844.7924187790903,8.026827617437418,0.7563607092938198,87.1099270256087,0.1675839186743641
1.5703346374909048,180.2433036112641,831.0355110149079,5.0,0.7256130726807253,69.30729751170156,0.15635081773963566
1.505797593947069,183.0500163942837,832.5429732361964,5.49437364595958,0.7304671488129295,75.74455024215712,0.15708724987634048
1.4204454879979638,200.0,842.9407900884801,5.045963194761706,0.8131028938858798,73.67829729910312,0.181692568056212
1.3414312788357443,152.75239671545987,817.4085773707783,9.451403749167795,0.7178562290458186,72.10652588611323,0.13580397717232429
1.5446679083772346,152.01850018910412,825.9704782947447,6.155827809498841,0.7309920566486673,82.91769562544997,0.05
1.5116537588122656,169.6727970535004,841.6022049259575,7.688747005703664,0.7728540416866443,68.16623525396692,0.08353679841625802
1.2925799371769662,186.11560568664245,843.0761190850822,5.0,0.7485568388357348,73.55253319162458,0.13738524066751923
1.4666659001866011,174.02086068977968,833.6319613088713,11.106474286803955,0.7113221075923979,62.129853836204894,0.2114224450387646
1.4827030917604742,181.09411780633525,815.5801247934947,5.0,0.7210613774017725,72.01946455327634,0.17049203402386054
1.5973816310852116,193.1675278252624,827.9678469076674,8.575691941813135,0.7934313515065685,54.5173891872756,0.13208166069399835
1.45761007978521,178.9630502595774,830.8327012137545,6.192407782027196,0.7590711623825442,52.04999801389628,0.2162581714089763
1.4882492105349931,200.0,811.3600779747297,8.940142746142296,0.6335886181754737,47.10884504166147,0.1208153031787772
1.255701262218728,195.02296417029163,836.6022211753444,7.626953414264568,0.7365880639664224,76.72830541418958,0.05
1.3358315895147137,161.38685642381537,821.019872349995,7.613113482002277,0.6602816438766295,61.23534997206784,0.10936898334551176
1.137728666411886,169.08693784183504,819.1315250516882,5.6316348089662025,0.782967969198116,54.752921452434336,0.09383957545808394
1.3780174365935725,176.96038660711687,814.4285219827465,8.807191979067579,0.6742162420855502,54.97095839149709,0.14489793378150995
1.208820155206507,194.40674550310231,821.8644593956997,12.399929492495575,0.7331639733568075,40.05440297865805,0.1614826814158279
1.2223297065469787,183.5157331734622,819.6943642883742,7.153496068799438,0.7757627995269812,49.68597627527509,0.21049784631420831
1.285398124112049,180.5302544938798,800.0,6.502130160154326,0.7407477170185861,44.61093061646505,0.05
1.0451468306577223,182.0468882322817,810.6158737278898,11.611183520576764,0.6023688368169033,39.53755007870521,0.11230445712807402
1.085191889362734,185.29413909436383,825.9453643471654,7.683344164052539,0.7003215988929168,55.14004760238811,0.17250776845679608
1.1292117591435114,175.93433458783366,816.2136064019583,10.980025732172766,0.7477840294234196,31.95123731181234,0.13784422855515904
0.9219811527526496,200.0,815.3726168899084,13.243904748033872,0.6700572498070178,37.88741783565307,0.10258735797162596
1.06200099938992,193.3591868675176,827.7720978982609,8.957578969423995,0.7117498632537438,42.878557514758754,0.10462805436793346
1.0163144295995004,189.8371706334295,821.5938884659612,13.47642967443342,0.709017099482869,51.306135589087866,0.1277206753860095
1.1776601501636017,180.11438303454818,825.0238486812873,13.32245518975361,0.6750447855043868,32.96760593954722,0.07703764303058061
0.8975425796718137,191.56267205308487,823.1600172732657,11.455515380931692,0.6471544633716103,50.03209463557022,0.16711065691921495
0.8874885271733045,181.8339369297279,823.9320691255095,11.349624258451286,0.5781529539651155,60.85865161966536,0.14387224868902407
0.8382620501576303,167.79575954183224,809.9390176091716,12.38615914996466,0.6234473941880929,35.19791982992755,0.14737662082226421
0.9856441208195774,172.1251250718056,818.8649902464527,13.160691987401524,0.6689605568738521,51.15732181167487,0.05
0.925906599021527,185.70874708099947,813.6206561507221,15.077092674665778,0.6064928628604759,37.987977160048985,0.10775132046990386
1.1701803944822518,188.5500630814208,823.649930792469,14.37352923421127,0.6305174830534797,41.86046531900889,0.16715559180450174
0.8355918095569986,194.019021698028,831.1027718111981,13.88319269063328,0.6296787496530144,38.087100943192524,0.13888838219420596
1.1077288122617648,197.90913674152776,833.511556742581,14.4319401025307,0.6945739243582951,33.361722857923986,0.17370408646908161
0.8986730809723577,160.65263569635985,818.2821053967214,16.592995294527075,0.6470470770602443,36.45302920453675,0.17920352058188693
0.8,185.933419260721,845.2139154236788,13.465033977003914,0.6350341749100253,33.03427176815641,0.17235863967282763
0.9178557251128489,170.79310717664734,841.0901513961312,17.221193582168898,0.6568944804443748,26.90701063147006,0.16481928710595994
0.8665268577691623,177.33415420427986,826.3524556026989,12.76561999833761,0.5957763706628892,35.25982601303254,0.16429982894722925
0.8967145282361284,169.0938125178577,829.2694676009228,14.97536928091279,0.63292943326407,42.93624385514104,0.1572058375771461
1.0585377312807558,186.7870949096797,817.337419397152,14.283213705561849,0.5854652147225043,20.734139459863083,0.1656039289047926
0.8771094432724625,185.25796902379625,825.4975910811237,14.22915200880016,0.5616159803289558,36.46213295540792,0.2228888788163882
0.9693783461574002,200.0,824.3776304622302,17.061510703687137,0.5898141311272834,15.446322119090938,0.12642914903562197
0.8577177993664409,191.84975257457617,848.1812521434005,15.557314687310114,0.6127944450346666,27.21645877428536,0.24253248012513115
1.064339369515798,152.28135967490994,827.4236257016607,16.952377733908953,0.6606069338746096,25.881907731518243,0.1314701033689638
1.0965922624343996,161.6595044106861,843.563875713969,13.319043665335048,0.6355220184146928,36.48692120474227,0.24381559260289223
1.1072805931814649,196.83323258774084,846.4394419413878,13.38499355417856,0.6165087708961365,25.8596667058759,0.34570605982277103
1.1716223162049966,180.40414507683613,826.8562992535094,11.590583306498203,0.5698281129123111,27.22394991742088,0.3469523845303097
1.1713187872039268,161.29362794397878,848.2900762617357,12.821045624915438,0.5388278158827731,10.0,0.27768342627654385
1.3213516201926645,187.53758722834291,838.4348766896903,16.050157623853238,0.6197851566108514,10.0,0.2725631795373105
1.1455151933243994,172.76711569653682,843.1161204103538,14.731017810432656,0.5992044768475577,22.35836366996922,0.22726072877782055
0.9806741578189044,163.93726767162485,836.5222022925107,12.597271694835458,0.5286072617472151,31.617648182558533,0.2856712406342786
1.2539835553909644,182.34905376723427,863.033032750411,18.220776246642146,0.550141994401874,28.48391913915988,0.32337140493724953
1.2386787220889133,198.20428358176423,856.2020224141413,14.452492092024936,0.613083225339946,13.342575075851112,0.4031749036896063
1.3576493872310644,193.6733106928524,849.0572576372101,10.540341305236709,0.5554265107417804,13.260313028175036,0.30280803360382924
1.4834555530377378,200.0,834.0578957747059,11.662678444685792,0.6593097759943861,10.0,0.43262475745930384
1.2988158494736295,174.49727742301795,862.7024720783835,11.820016570275495,0.6724323972439104,10.986499166043671,0.43833108904054635
1.4345357354066106,185.2082317289461,868.7316197489264,13.039814136672431,0.718359687736283,37.07326415457892,0.38082490045860706
1.3303489109355129,186.8754582641315,853.7014997357613,13.53986399300897,0.6110565839289781,10.0,0.35094229354210277
1.564606012085194,175.91582166176278,858.9282793169392,10.151302449119534,0.6535160032927335,26.70944709515477,0.3273383053493121
1.4074268994713046,196.51772037240252,864.3611993835898,10.890198478909102,0.6784546686336327,32.93938234093391,0.4933375538651743
1.5437448720226865,166.22764273988804,859.4191422765515,14.694549534033987,0.5573537566987226,17.850475160885246,0.3394737587942673
1.545937256869678,172.08831613423956,877.4074223264506,15.288945155016044,0.5393637513595719,17.039570245910355,0.3290628398927797
1.4271424406076196,148.82511484108997,873.0718938349522,10.674915202874567,0.6132982412062852,26.61509177291459,0.46008428749568087
1.4770129534741303,182.51338608556577,873.3538985882377,12.701792911107956,0.5,28.1060621401338,0.5109426991791515
1.4921329269605184,167.8457478043021,851.006163808644,11.623955394081571,0.5926103591310516,21.70208704091274,0.41525518210725
1.4878599614466652,166.8874631170964,873.300550433707,9.392031046052978,0.5440543492974312,10.0,0.43957155985734897
1.6319978804569069,148.28089900940927,869.0098775157725,13.70913263650985,0.6212003595038338,23.906392369269174,0.4370838955415727
1.3890647190232628,187.6863675209368,882.7278028450588,11.22885625160088,0.5969822687270282,24.25744199838844,0.4865846895038365
1.7054692027315237,169.52116588527673,885.418318046064,8.375830347560951,0.5799633011832114,24.96735585277528,0.4135436775377487
1.5731197026091397,169.59828671399353,884.5698025419409,8.047592376665847,0.6015895345770322,22.894033974353334,0.4294204654467471
1.501206663541379,143.56913437000622,882.4516600169325,10.594029287317728,0.5626749605586099,26.02875606698832,0.5096222745649317
1.390918427422175,185.1946871307892,882.1419932749398,11.852577128289536,0.5376257435070576,36.60922379630348,0.4187734538605443
1.4400169201829651,194.91623179853264,886.8997450627794,8.154792852749667,0.6151805551925317,24.48907264185371,0.40602483932013755
1.5341060215664395,190.1021337038274,882.9783315466218,8.200199701037741,0.6264492832787638,22.97923046091803,0.4941573738550834
1.341967919794641,173.31203774506542,883.8827022252683,7.584912550227326,0.5687933943242888,25.59417695479053,0.5429408334103474
1.2511433143352002,173.64532105947606,887.0221929943162,7.514884339905225,0.6074484642987371,28.35934582541448,0.4686694964912665
1.22400733206129,199.74074304804043,867.9465477254714,7.058619877030001,0.577634628909438,30.573829904942663,0.4965959558933966
1.3684481482190098,152.69494242496438,876.8242937407022,10.122919451299769,0.5704970732931054,31.492718644279822,0.47114864143929147
1.3503485650301312,174.999157452807,882.1912092217977,8.279561170199536,0.5466138551802704,19.77131028678031,0.5014058676040497
1.46420746495671,175.55224633837796,868.2783088759054,5.0,0.5473250610223498,23.193454505620767,0.4253127364588787
1.313150110474192,183.5758461421768,881.2173384939884,9.698259420063234,0.5274571628338952,33.49611009705406,0.49123267888674754
1.1856239383517584,187.21264674051585,879.1686254613544,5.0,0.5097757085413221,16.325956515391002,0.3860137684357033
1.1922116629022894,188.9502948606153,887.1859108212686,5.0,0.5628349046067417,15.607550851248094,0.5215347793876746
1.1842012946112803,170.41880573560425,889.6521325609064,5.0,0.5345233901090184,28.492174071991315,0.46615824424173385
1.32667679063632,177.37262490489513,888.6521994276351,5.0,0.561567553639882,36.6558336024797,0.4469959169087801
1.1248720993595664,175.69680550824896,869.9200123116996,5.0,0.5398283848096727,42.545551432184425,0.35383288149796255
1.1769992217850929,185.49985473845703,878.7873302083447,5.0,0.5037296754759134,26.334976277009236,0.5818690866359817
1.2048176862135245,147.36608230849524,876.5676128236377,5.0,0.5429273905367905,13.64031530855434,0.48887390450788243
1.0942499009002764,182.34601494879823,894.9030620137512,5.0,0.5,11.076551156590096,0.4807894950946221
0.9558987746144934,200.0,871.0183078513662,6.92330499307342,0.529265327831982,39.048857775230765,0.43117895576898546
0.9395477165786196,182.36636687427824,868.1949219708525,5.0,0.5902426679912082,31.038789853451505,0.395314267685525
0.926148367971206,160.19883124572732,869.3463125404321,5.0,0.5301682366628089,37.26326805043173,0.5114424898012345
0.8606915905279656,169.4404031924856,861.6400769346636,6.077464452135657,0.5743528790621331,23.538582791788755,0.45745030036717926
0.8,188.7029617367172,874.5990371078874,5.586662968948859,0.544847723020769,53.521362565546895,0.37434100834694983
0.9674481871994536,184.48713663486825,869.599819731559,5.0,0.5,36.129005941206586,0.46467026137791334
1.0967974884229148,173.1088239773328,861.2302371121281,5.0,0.5,39.61322484360902,0.4381864824847746
0.8186239113933669,200.0,866.3730903658062,5.0,0.5395459221322099,40.16982460635762,0.3908589067917315
0.8295631952630451,183.28478606867947,861.5595688027151,5.0431902361354,0.5544032307827548,16.95059595919275,0.4253573806921436
0.8617559536658512,200.0,866.1248343344996,8.420792755806485,0.5,20.70659039033792,0.3574269465724165
1.062852347348798,197.1505561509317,849.6248019981833,7.178971703168334,0.5504742676574534,31.555033769356587,0.4543720620937109
0.9261393939037462,176.78771949417438,870.1752846863908,8.529061862652078,0.5585318837164195,49.52080778335452,0.37277937450199716
0.8435695555407368,185.87880895955035,863.3597982412282,7.399335940087952,0.6211962311073301,40.83643923455367,0.38587800155344737
0.8,167.43641719140885,851.4835135278646,5.4538731339193,0.5,40.64726969751885,0.47333529113253303
0.8167811223913626,185.69931285927925,875.5212528154655,5.0,0.5643975328133103,27.953682985185694,0.39447013650414614
0.9342463778646772,178.666379315685,874.9263358905313,8.504680794091728,0.5236271625431645,51.195210355076114,0.3924733553158247
0.8115514778581467,198.2581948148564,848.3739416001465,7.984655818832506,0.5,35.54925228521374,0.3739774616984692
0.9615034120572292,193.92818909747984,846.7491858282073,8.53413110531961,0.5689739586408331,55.02518437685512,0.37141051322703444
0.9006942327366645,180.82611389226523,863.7259249495668,7.744000338286511,0.612856024415055,46.00091518698335,0.3356190715345246
1.186491963627374,173.05708206541576,865.9958955678711,6.880283773808362,0.5,45.55438195979344,0.26636196523889505
1.207328745347599,179.73977821072324,863.2636879327964,10.255792033102434,0.642751629738796,40.74091544594146,0.23797482027304517
1.1787959248293571,168.73008718815925,846.6373266700283,8.904075026993166,0.6226135986005337,65.52426527945784,0.29847169024992554
0.981407125189022,168.90686433951066,853.3180837954147,10.044401773730185,0.5591436059877475,40.23777548020225,0.2446791867563208
1.0942620414406723,196.73736441334543,854.1069947059385,9.096880241726767,0.5310205150631336,56.05578208694306,0.2880590783485817
1.2654225409518085,187.8885259796976,850.7274621416336,10.31205120189714,0.5254213962252285,53.04753031392676,0.3624220860888918
1.2377155423139132,182.4218192707921,855.2671504835416,10.974075419295316,0.5452481979583454,42.54724442268142,0.22862283478740594
1.334307144007009,173.00930253329474,840.7281247988897,8.813215110350974,0.5276160621791742,44.747442478857856,0.24665001966620914
1.264785340464208,191.84492922587108,837.3669191567819,11.59191996459383,0.568551303794273,51.495967080345785,0.25054809664882216
1.4207521159733858,189.69238501035392,843.6754427378654,12.15281850181232,0.5094091773240006,59.75501558059823,0.24770988644649317
1.5747649719442696,197.29231464331124,829.3835931248351,12.867242327009114,0.5927304492566804,61.25005223648375,0.3753104492130664
1.248345215169646,182.7270404530613,845.3491218224959,15.80088729551722,0.5315413822514744,54.31776287628691,0.2628071390756881
1.4018493937915315,187.7264162754128,835.2015448006688,11.175206073374436,0.6173751852891457,60.92613649408654,0.22236734581501547
1.5176909562983505,177.4258840166629,842.8309157098395,9.859010875431022,0.610929660490753,61.78816749067566,0.05621372339663844
1.4895056893500966,166.65111376126868,831.2860343610374,11.313208022638255,0.6323341999299498,76.87006364036726,0.29367375800822715
1.7391454000327615,190.10633640287688,835.6153485795663,10.529479333008004,0.5219817039796313,44.40417480070592,0.1613185284765717
1.503698195163904,186.3337879593445,818.3874834958791,16.317141611984056,0.5247621029709533,59.699227098116005,0.18057029794775772
1.377730615254962,161.7895615737389,822.9425320108977,11.986098271832562,0.5497337321826767,45.66640077514143,0.10955681480313419
1.549770311221362,199.28451054049697,826.8765649177511,14.762307164775562,0.6608105272427766,61.03561444757114,0.1338603064597335
1.5367438452612214,190.98317227308576,830.9990769047546,13.851711703711002,0.5799649359042548,68.52443416159849,0.08608843594373247
1.6406152187315002,184.63346117738456,819.2628540826404,14.353434382777769,0.5609748261642801,62.80670382916174,0.14551671702525562
1.562567504629135,177.45318527302982,838.5486264243351,15.556867431699226,0.5657494081772593,80.27862576373442,0.1364505455105639
1.603911505462318,200.0,834.046416230834,15.068921147694583,0.5450613225951085,70.19030906293052,0.09132507790695812
1.4412287987918555,178.48512462929048,815.9164913421768,14.112403327047591,0.5262094930261675,73.57519810148963,0.21435355864745181
1.442554748758426,155.45295409678317,820.8586536346031,14.42599787918788,0.550381823467796,77.84811822904362,0.06435074557067429
1.4276808416431073,181.0986418609055,819.2094909072528,13.246783871572722,0.5265385004778506,83.18767393277834,0.11850839047832504
1.2590074788658212,200.0,835.3246640175829,15.76850917568306,0.544978173105299,59.089911131540326,0.05
1.4899314058932882,186.27793382823924,817.6312201195891,15.542955098458895,0.5559869862319449,60.591351058856446,0.10618607861920995
1.5522925378654475,173.20818253488213,832.5737951915553,15.590784804498243,0.6550902331987801,62.22971944469276,0.17484532372833755
1.5728265715289975,175.01319059384048,832.3132144152423,16.74381790364574,0.5129608353615962,75.43198408361896,0.18207522699040476
1.3709170172604006,192.4906342256244,833.3544218573704,16.10197406416664,0.6565212137753652,67.81841711021193,0.05
1.4507261026092149,149.88161335259647,810.4287135629577,14.280636085960564,0.6525482740291292,83.47732094589696,0.11755987963054064
1.1512472446459172,188.700418678312,824.2872382722852,17.29530429164101,0.6071445641592884,58.26990718583679,0.11504754713197846
1.2482653419975025,179.10660167632963,819.4015929661795,16.225550109156963,0.634450727717973,65.80458881885583,0.09766335068940867
1.341848353561768,163.70708925243022,833.8308488447963,15.023260571473571,0.6535857387823844,78.1145789746853,0.10830214044059489
1.1903097920958945,197.03528958801277,816.087711425883,16.71097236867704,0.6627284279049227,71.30937925141522,0.06749940008778652
1.1246405604490943,184.04684968998205,819.2870843267121,14.82518458123161,0.5930160820081964,82.10774625369811,0.15350709377572141
0.9839558754393348,166.4751653158734,813.4332392708776,14.411054891887696,0.6099278808976341,62.32343071623346,0.05636734527252068
1.0168263068558514,178.5024492980799,818.3040027863024,14.389933026387192,0.5902136033323095,69.92360685270174,0.0804134448167113
1.2154753594797283,156.43627465832768,833.5825959801602,13.828183193825286,0.6519390275913906,73.05280850791605,0.05931291205855311
1.0814843739138051,146.16056044257107,810.1824975954079,16.18206136845538,0.5538961551964876,87.44812742179171,0.06814767797928795
1.222504990181036,195.3673704813509,819.2253632783986,13.112786661601175,0.568161066831554,79.5630202421065,0.14888216655487735
0.918512422210266,175.30492399280732,827.0757075852387,12.733303949324798,0.5342296805883004,82.16646861523667,0.17727209818288783
1.086260459683925,169.8097198167581,837.0345486978979,9.848241373443836,0.6159180976971416,86.73406627264445,0.12526904564622943
0.9452775534682126,169.3177441991462,850.5246000676998,12.694690634587388,0.6980901669813628,75.02805451537695,0.19960440963606366
1.015743483111695,200.0,802.4925018001081,12.543402646898985,0.6012585550640944,72.41412118639981,0.1874480274424115
0.8841560806348274,200.0,836.6929088603767,13.634130740654305,0.6477382239062981,80.03381113023427,0.13563778508489804
0.927117445718746,147.4654933715752,830.1257536075916,12.04439332696422,0.5974809017013553,82.19494439758235,0.1726954610776173
0.8614006259402056,171.3194630195734,833.5677289531072,11.988508532422038,0.6198088030837238,68.94514469677296,0.14369382358788516
0.8235097125980668,196.44253747558503,818.9509819620458,9.947825038512685,0.6237430747427422,62.46165965214124,0.15140898167443353
0.8757789492358615,190.2733470361512,842.1508585389308,11.951031521788064,0.6789790918234495,84.57204255926113,0.16037019134554895
0.9611871514978528,199.38356383301104,823.6148991801865,10.058140914337844,0.7675388482796344,76.50016114572465,0.1919048180778307
0.9237916110824482,153.122621719733,834.2612530276414,11.160201959947363,0.7023884891737999,81.70152937397116,0.2096162807972604
0.8,161.167222637498,848.3938563809322,6.0587076713578245,0.7223058250183994,79.66513211692688,0.2030478923200595
1.0870728070303388,172.06594076073006,833.1741900159612,12.515479219325549,0.6519812163797958,73.28989071187897,0.20810307286194052
0.9275983137017558,189.79473087207305,826.6083937735882,10.979608655820757,0.7020673912786756,84.17693338125747,0.23458823878631813
0.8,183.00108984825755,834.3506956656453,6.970099612421482,0.6589571550214355,66.25140765934562,0.05
0.8808189414992007,199.8175374732882,826.6028394583218,8.225345178975626,0.6728364190817346,75.1075381554969,0.2455118615043794
0.8168662210891389,151.89523015261452,842.107027301338,9.84038441866941,0.672286248079535,92.9638009775644,0.24675833894956314
1.0312727771670729,166.91367161528026,833.2104554433337,6.771834361426534,0.741170235480463,86.40437049705348,0.20646651925487217
0.9661226638974524,180.6188802729271,852.0945005654003,5.573360144899703,0.6672599881370458,61.34479096159923,0.31097274274676273
1.1305166765201038,166.49224638009338,822.4465135467055,8.186479919330981,0.6555385188809023,82.94949065314992,0.2856739008837794
1.119526788894448,176.2775214119427,822.0932857037122,8.366393144356424,0.7249568031630429,68.27483578210007,0.15502153653479245
1.0722331184777596,170.7876782860341,840.1254856505767,9.059017172842957,0.6268419311797943,90.18263595373574,0.35902524482293263
1.2056188957106957,150.363994167537,851.9939067507711,6.0156037254650245,0.6254420413269963,81.8983064226494,0.2341497370326045
1.2402348013274604,199.2382683718156,840.3978593675491,6.203585677518322,0.6859745055896791,78.32913521634437,0.3371778652456898
1.1123119281418978,177.84525620068473,834.5639066459207,5.952720955656893,0.6582134139144165,73.11641739945425,0.20033132870807285
1.2720964178360996,195.19415626552757,847.0882994871585,6.567385775956108,0.645440134654008,71.30292463371524,0.37572205917100265
1.3249053966542492,169.7143920576923,829.2813247426661,7.791067231781465,0.684868454812098,86.4359917135007,0.32685425085564385
1.217506443644576,174.92914146566042,841.0063765767791,5.0,0.7326272482012204,76.33532377121568,0.2989158572029853
1.2245873619812295,200.0,857.5110298435719,7.032688424994513,0.6999928895724098,72.69439595818139,0.228140746388162
1.18179908513081,188.32994510690003,868.4121004962151,5.0,0.6668068567662998,92.01030020727632,0.2724508147924786
1.2742605070473194,179.2817453308928,859.7527280653154,5.057959930672564,0.7366072139555256,72.10729288822938,0.34711932712851845
1.258385768424565,195.04739215700917,849.757658472401,6.066522826546232,0.7545430744644896,78.07024689867787,0.42710837007733204
1.3798951431300914,155.10572136450713,863.5423777437334,5.0,0.6407379328410907,82.78713835154952,0.3243954161464218
1.423181675178662,200.0,855.989140465607,5.0,0.6731557244499031,72.44890098203666,0.39008611653318986
1.4134461876496416,183.60902959728395,876.6146437636356,5.0,0.7897141946596752,54.59592824634265,0.3361070183524947
1.5994033715359566,158.00212563916597,864.0198133033459,5.0,0.730038240459962,65.54993280997816,0.38342924519606325
1.504983226510883,184.8796834867037,857.1348885070645,5.0,0.6882876994527107,58.768376835326364,0.4002979824509179
1.3804173500787793,162.7149960972416,864.2852884441328,5.23631762701379,0.7867481170616545,62.43636803614489,0.4470538205153297
1.5882702958943815,189.7192756078653,863.8369646058284,6.183296136185937,0.7355015512184451,90.2159926054159,0.4952349143220992
1.6156390526545108,146.53651701759773,867.8015323210323,7.273605343580707,0.788226593194382,63.53838373898268,0.44169355587297615
1.5864954437110197,163.813720772146,886.3770719152194,5.915237714069903,0.696386182789171,72.50302540977262,0.47557228974841964
1.499074853825656,160.12589420344253,863.7344109297973,5.0,0.694190947535064,60.36298578292062,0.560509325238403
1.504057784073057,182.711160081718,866.6605263398325,7.154587639777485,0.7798430022634851,57.47095411507752,0.4240582452815686
1.3445373097957611,188.37809726783595,881.9064243271529,5.0,0.7365270272169667,46.27164069006591,0.5320867568976929
1.3705537980764295,159.6874311376351,890.885950204617,7.725557287217385,0.7640268971226053,55.86427087702174,0.45497778956886265
1.2385181607176592,196.56307313998084,860.9118045396665,11.743970746408731,0.7775816684457169,63.1970026570305,0.4831440323595412
1.4019684145210216,172.76961140805616,885.0757490564129,6.414616464885633,0.8642984554588167,56.76928205342113,0.5054076026814234
1.4567536954829166,192.97245474559773,866.6765326159742,6.92478959851958,0.7785065243093523,63.7124139118548,0.46624666093611206
1.580785195602527,179.07340555187284,869.7123533235488,5.290096662708267,0.7693804820326969,53.14134619704235,0.44024670852277376
1.5104743342000124,199.69574277511293,880.3627396241516,8.189240995748762,0.7851951313496007,39.84859833880853,0.49119021941702956
1.42519639163971,138.46265854673723,878.6664230141143,8.424896972288742,0.7657859071534919,80.0769815349699,0.5025219398251577
1.4357165915097505,173.38746469694752,871.6644780770459,9.5207073644853,0.7485528576565945,58.66387781178192,0.4633856339766493
1.327529189563844,146.30678125339605,877.465361445737,9.627510577539226,0.841599111437565,49.159463127325495,0.41980895329903084
1.3626205775811016,200.0,874.4332534704126,11.285459139857096,0.7374083909823866,29.1709563589254,0.5630537464491906
1.3571828523165,200.0,881.0593943069597,9.706801102833902,0.7877394310612911,23.74657402262911,0.4282308027816457
1.1150172205779252,182.28502520427023,874.9414927432729,10.688926605643353,0.7649390430836146,55.966175621234754,0.5913053098830126
1.2649044263064373,183.16782469547496,886.5225834919815,9.292708810917182,0.7181706110662572,41.15611319529384,0.4799955502007036
1.1825182737714786,192.8515494662913,891.6353928049305,10.10670793848267,0.8057570618612079,44.862746896123234,0.43902702691241635
1.216715967721106,177.01498034071977,881.4260733313437,13.857892457702237,0.7546082978930337,44.099452874711005,0.3897323271540343
1.0428131426945373,179.43943721391062,891.612067098494,10.34345764539036,0.8201993360206717,65.0532115568079,0.5409250786715446
1.223038401243705,174.6461952635585,883.1848911470602,7.93329085011742,0.7548814938248246,50.17202141531804,0.49533479560204224
1.1213348278014976,175.8458725595139,882.049140672914,11.618839043508675,0.7737164187707263,54.71314647536399,0.554568316930492
0.997789783002634,178.4044914193354,873.3196736167832,9.916023215424044,0.7770877293867416,43.803827042483846,0.4469801951540512
0.9324176183407706,181.32657009114445,900.0,12.251845875292767,0.6978511416909947,36.905539820038136,0.5179015500836491
1.0608430398799924,168.08605186745925,875.0858509994877,13.885152055935768,0.766721189380333,50.055574367986566,0.5208011491251785
1.068415060913141,176.88737302573313,867.2399432069536,14.026608363831972,0.9139692750832368,47.35751012368308,0.4285358346519792
1.116460623448922,166.50499857417833,875.544814483323,14.9224221905841,0.8259048635468202,53.76483981772598,0.61372908011873
0.8365045892365447,176.63104978896465,873.9499784842851,10.141112520956376,0.8920414251558881,30.97795540509222,0.47754106275399144
1.084735752557402,174.7907409418133,870.2752519897692,11.981204152501922,0.9118844305227364,48.97603472632148,0.3951835226566364
1.0708684071923993,160.58059671676492,861.5114098752791,13.532598736782898,0.8028387311917347,48.9586238824296,0.42837625496253495
0.8513147404423169,198.4700991690772,870.4279217267245,11.801863971664565,0.8775629568435693,23.492424167821795,0.49967374219579697
0.8,186.3836848786328,862.8832711533836,15.919779395332696,0.8750976590124702,53.98346070156771,0.45928151266701395
0.8225826597092389,179.18579884420788,880.6336608936183,17.487004579543928,0.8180876353616634,28.836349492393595,0.35291646046016234
0.968524881945488,176.92370200404116,860.9097464047345,15.574880814682594,0.871282170731911,31.24593291075932,0.42944126242518565
0.878889870210757,184.35777095337937,877.6044028910911,14.42705189907836,0.8721193270950878,26.072030598142668,0.4267457456054489
0.8313195726717144,149.58689261749103,860.5831973850495,18.01200474536142,0.8294841702935716,41.01606973855563,0.38526931146204874
0.8918613236729663,194.23848832234083,863.9914057578097,13.760184421485276,0.8223988440420049,41.133900554794906,0.3424683462843605
0.9223724840837256,165.06234006494574,863.4647305723086,18.730611894900694,0.7649554539796035,29.155081895812938,0.44770798476527496
0.8289495334993325,161.05432436697944,866.1553347373583,12.79452567024894,0.8634885062910493,14.813097249886669,0.40752336107749854
0.8900569882826903,191.52077310741225,862.6929099296086,18.303670941742794,0.884704431708153,40.62649501636449,0.40184719447088946
1.2124868975554586,200.0,865.4769481920432,16.343065163527175,0.8510602254967583,31.83519890888725,0.38219792154688786
0.9907380941508068,200.0,858.3520779834583,14.74278739553222,0.8956074072687026,36.6659972880438,0.4016905194696322
0.875425827655509,200.0,839.4399288700315,16.242176219062266,0.8132567969019557,27.275609721964173,0.31283874936367395
1.010420770484752,178.0698213111017,880.1821178766709,15.218639480923205,0.8648526772012458,30.516924376945163,0.35293965118887083
1.078240027072103,149.76369551477424,859.7133657606491,18.848285282037903,0.8768934443764593,10.0,0.41752717985409943
0.9611221325059952,185.36158403244627,868.9227198531582,13.911866925359378,0.8726603063577468,34.18663131384155,0.28291206765037846
1.2376647974176678,195.67601140612211,870.4629483222475,16.460160239528957,0.8338771770616948,37.26768484360321,0.32579078438254294
1.0455422022190843,183.78508455763856,870.3017268598248,13.694642592461438,0.8331314537588068,37.35472504568626,0.32741412604275316
1.1852339437926442,167.86288021754189,845.8168534396023,12.776665757412388,0.7601243870599781,25.76760983272693,0.3025450326931529
1.137535918255468,184.07050310535053,855.8824882094411,14.323255384210931,0.8287136108248555,27.73388353649781,0.25281929283230115
1.225034328944814,172.05423368599853,843.6281144310893,11.926201859929096,0.8855300062165307,25.266181321164943,0.30710323698263986
1.3703326857481817,189.05360910753345,832.9745691685246,14.695564663744364,0.8943640959590282,19.626543383268093,0.2321156838937477
1.3374708939629685,189.34458496981907,834.1518320326992,14.446447450060706,0.7714113223869776,10.0,0.26937795310843937
1.1786125003271075,169.99460366970115,855.291868951091,14.08215859623943,0.7882328461627836,10.0,0.1797796518109575
1.3533640251105723,163.59741423645258,846.7979174045906,13.948753206368492,0.8570751685237492,18.530334740547534,0.13793327043535422
1.3087982171750054,188.0825999775953,844.072935348723,14.307782479651046,0.8343136561515322,32.44648734137378,0.15875370293358226
1.495961502861433,154.13815852431838,828.7162659925498,13.499955322087189,0.8260232638408525,11.66625918098022,0.23737555400545104
1.5741602320683243,175.22216737300332,828.8254958348967,12.914550193114804,0.8714788193029422,24.39263615163534,0.2610453716184124
1.4475962241593,183.0662108778103,834.633619547612,10.550395754970104,0.8895599905376375,34.39190932883231,0.30779413852211746
1.5559721495939105,181.08476008717255,859.3119211577222,12.96505149064606,0.867394457696422,27.474357434802524,0.11620483017038158
1.4777915891055782,148.37597091951187,828.4622294558145,11.235700750173455,0.8741719476246315,10.305365530317044,0.18049378619197037
1.4877336622802804,188.8004200628457,816.3959150785063,11.3160487549429,0.8457540148490779,19.164381002375748,0.2676221901106494
1.4824712829913635,167.02917658504498,835.182414287256,9.80286506843201,0.8568984517372096,10.0,0.11801950554013832
1.409253136154357,157.0726254489078,827.3842477956022,12.955135700289375,0.9018185785816346,27.71901504899481,0.19229770300333338
1.613426071040918,196.7076014240638,815.7801644594261,13.670999422376592,0.8523663757093005,22.92891031811372,0.16306853362819676
1.4584539238033132,191.12271254900224,835.4817192822895,9.89706652898368,0.9330479777344594,28.90993767279483,0.08691514988091066
1.4017726733989295,151.01994613479965,828.0018811748055,8.950559901691031,0.9484210868599364,21.590226494745338,0.16573683410691026
1.3883594059899838,181.3554583733794,815.5250013030818,10.214507903711988,0.7446017681326917,19.804312004340154,0.15341706650340087
1.4456719151105286,200.0,821.2510425812297,9.178169057600767,0.810838916026355,10.0,0.17732104790863926
1.5160003424616648,182.78183411860917,829.149457866723,5.0,0.8137986614983219,30.0125686691421,0.11162755929525292
1.351009381952916,200.0,823.5047925387728,9.45266686539665,0.8907425941543472,19.470446641110453,0.11112575067807368
1.4464105153547755,187.85235711738696,816.3983792478341,5.663785396285714,0.7939561917536617,31.496019784122705,0.21673771392450053
1.4633382640150645,169.19769361938748,823.6616211676916,10.068857082371975,0.877944210926862,13.850154429907684,0.175682622734673
1.3535153986543629,177.48399181463785,835.1635526591125,8.426855150392944,0.8176593319630567,35.81113423567881,0.21436480194174157
1.372782131067591,180.05823022496267,824.0882282428049,9.100543713040746,0.8821150305190005,10.0,0.12994706535122796
1.3288345095018912,186.43560875814143,818.0557950295228,7.029397426690945,0.7840056428154327,40.44476813441609,0.1284031205231671
1.4475978638775318,190.3157756008679,818.2413715047886,5.322576630695675,0.836107666791631,27.1464042930696,0.20087038066747437
1.23770026639372,186.2176624923001,810.1696870662356,5.192344268471248,0.8376072593752049,21.73678727028326,0.07404991544912079
1.1034390169853532,199.37746348011692,813.573750176655,5.0,0.8480999797249977,13.075413007704032,0.13617575455773978
1.1811547529391873,181.26223739891623,833.0231622867503,5.0,0.8167886604200367,24.635654918699597,0.13402745354699042
1.0983168260639329,181.81087413712623,804.0691755893653,5.0,0.8311313692666016,24.457691415408117,0.0965959209149166
1.265365376399446,200.0,824.5951748662034,6.103183091103576,0.8667451722023499,22.78279828572061,0.05
1.2399703219180684,177.2960123565907,834.7849527383064,7.144546354036802,0.8484389080058021,12.424875423521629,0.1357219237856725
1.0489507848304092,168.86720259207573,822.1399929210653,6.981919580676991,0.8129296293793726,13.527410643851152,0.08007327248710233
1.1387688947565993,175.1657859359624,823.3168653473624,7.507518345482942,0.8547459873067351,21.032707809680858,0.0867762867464797
1.114005156405554,200.0,800.0,8.34364137632867,0.8291607826705181,39.48956940316189,0.18226366325048882
1.0064629971901011,172.438209083356,800.0,7.197925702143159,0.8287268169989593,48.13761287643142,0.09650474415489507
0.9686036869679416,163.59540548340917,816.1753778219291,5.0,0.8115193945951709,30.858006456802904,0.055771120852827344
1.078984354634702,200.0,820.2134001783304,6.915206016451689,0.7987730679060433,42.4354891626416,0.13015017942468163
0.8492403482545383,200.0,840.6283649847177,6.195946444851996,0.7736704079249463,28.868444221970456,0.08084955084248796
0.8,185.31383352859,824.1700768724888,5.0,0.8534082526824929,29.676264279785837,0.12661446994846592
0.8266243525561324,168.8948205601415,828.8073530350058,5.604342389861134,0.8320354850781408,21.466096029322188,0.239742273284072
0.833611136732747,174.4970891568292,823.0394840306436,5.0,0.9414161139916464,31.346794639028044,0.05745446620564243
0.8561511943048604,181.75230391010533,817.4567060915218,6.272894348815506,0.8614067205917165,30.91901246190725,0.18906861006731723
0.9541244626650136,169.53575645569475,826.4365909375201,5.993970708759364,0.8253499525917987,42.79556490107656,0.17076997036640013
0.9353305433419932,146.13694215342832,822.9961706102515,12.265041546290924,0.9066472078805456,35.903170101024,0.11428658816053844
1.0573827871892298,194.63248955577467,821.5192546671165,5.0,0.9122390648002036,64.19289819391042,0.21935389970502128
0.8969425726790602,163.6158366781634,820.4969998247186,5.538963377742854,0.8138252664815201,38.34234645316662,0.18180104106110953
0.8106579124528736,187.4661139320293,820.7911668641656,5.670588310852759,0.7719848165662845,50.10763105481537,0.20174373774623722
0.9470384563980644,173.7239948768218,819.7961640664466,10.100224613347171,0.7596134320580418,35.87961389403496,0.14607622550202573
1.0145137180752606,164.1978410925147,832.721605670529,5.0,0.7800812021461018,20.40819441556004,0.15994096323457208
0.9340109517604632,147.1082082909386,843.3381485852877,5.0,0.7933123047514032,30.479947212856786,0.15425943815724957
0.9179797054630326,169.458382734122,836.6185179391222,5.0,0.8398470287209345,30.39315478362294,0.20085840839828314
0.8,167.71164095006046,829.0597302043544,9.49958782881588,0.8437887123740182,61.053824878007816,0.23317922095453625
1.2276465747282337,169.1928923230425,834.1344876753338,7.542445859766301,0.8130657983199895,40.88752523411279,0.23571097412239717
0.9472861201544316,165.3343848898854,840.6194723319273,7.901588347386838,0.7857877489661712,44.09926078388455,0.3315385253858514
1.0404193140204552,168.34390773461735,832.4326642230747,7.4973803747380865,0.7948292297236094,31.60933760936504,0.21221882387596555
1.215645989086892,166.86996721272632,833.0357285743371,6.393652388766098,0.766813743896004,31.92942844805845,0.23611913190550174
0.9776702259623036,179.28500969390444,862.786629799098,11.250845138028303,0.8646870399178465,42.13714279095311,0.2790885761983283
1.3083573004894575,192.49847369851264,835.3397264318712,8.917148733758099,0.806470736621038,48.109343777625575,0.27248433671474087
1.1821508164180217,169.28006003989492,850.512928338447,10.835863150868494,0.7642577750906884,35.04785332114101,0.3126303220275053
1.1276214153366282,159.79990822552665,842.8319415393211,10.763308949065838,0.7489674873002531,58.13034550538418,0.32701511147904944
1.3270818263949458,200.0,854.6849914930799,11.63572110152984,0.7643866958842549,62.5119513614952,0.28212846778697914
1.140564890038529,189.24788062555197,867.0698348797672,12.008961107167291,0.7055550910241432,59.81809646093687,0.36266440660530447
1.2991024579181882,165.28730823508263,843.9226690533549,13.041053715564807,0.7468694237393846,57.2354066516236,0.3346133706354837
1.2523469328392005,195.8586474067349,843.8574402179017,13.076184989430727,0.7894635322368477,64.93222205917564,0.31231314981621017
1.3582171032795425,153.65510639160857,851.3963934825858,14.63578149765418,0.7370563435988216,46.54875145225181,0.39765333810994646
1.3687320382304735,187.7653685549876,857.3064371478137,10.623743984516604,0.779139175804681,51.3771871514918,0.34235502784686406
1.4139087427326842,164.94676608652847,872.5528643841925,16.013739899033624,0.7769953642866739,42.63438574598426,0.3202332712169149
1.5848610578542892,198.2694502488393,858.7297758229155,15.543220429302114,0.7165300722706247,55.549657389835104,0.504394394556192
1.5340982729240444,162.34854159588747,847.0140412164038,14.95606344356138,0.7559048294061935,80.78829299376255,0.3333839077400923
1.4811991296534115,164.39601410965952,880.4079593116962,11.8525598522156,0.8255846059889215,63.72434864381312,0.36212014547089066
1.4982196484658967,167.26871362097376,876.625120541144,13.082948161937384,0.7657266132922443,38.51563660050834,0.3596872357918422
1.4745511127140063,184.4456196059685,850.5875945772193,13.945014047657349,0.7079109909060269,41.26762229261635,0.38473781249931915
1.3748234767602925,182.87349601683013,857.9319550253275,13.512775513057688,0.7090377858656205,60.991145052510056,0.4766392322723536
1.473082703583111,175.880829679276,886.174973454453,13.137424559592349,0.7119285227541496,63.83219431705577,0.3876883995709177
1.4395263812591783,179.35932665147268,872.5242356176477,15.306008982735902,0.8049386975196497,56.11515084497014,0.39235560424684346
1.3740701091151193,171.7486817713453,873.3178527342733,13.56386670331485,0.7220922642355887,73.5089635878514,0.5021615617082579
1.6721448715237748,196.3764181502299,887.1443650543001,17.517819722254032,0.705455521194292,60.4846343897069,0.49242364926548354
1.5665022354390046,176.1395959380515,876.4276117993858,17.25446097013031,0.7452573071409139,54.18050070913327,0.4198135632150823
1.3954608571369014,145.8580794747743,880.3270678676124,12.54685241296112,0.7025247834167186,61.520068052431,0.477974652425813
1.5238754228858702,190.91357108740536,863.2953601547807,12.388400611090567,0.6722321878907117,81.54070565954595,0.4494719317877629
1.5328296006643771,146.64786748258214,871.6307777355222,10.605125373502492,0.784729301048842,78.10864876914813,0.5471422136378101
1.2769407499323209,186.72557371529135,880.8397155924209,18.7638248736758,0.6368528711890119,70.86983233982627,0.3483874076904676
1.386558179944978,199.29771608799533,866.3223746703379,13.382077818525786,0.6518010083967439,72.24201472801751,0.5890064885844303
1.5860866454770373,167.51835177953038,880.7064605733709,14.92359135861938,0.8383573261245671,71.22876728345037,0.5381244381201725
1.3955697532811355,176.44117202420287,896.4037414644097,18.758482794963605,0.6300454379831208,81.90364266159138,0.4657225802176273
1.4134795161411058,174.8347859999311,864.1207724156621,15.55177577750702,0.8106049967344227,84.98191173800711,0.5225233073343568
1.4153217180199502,177.33673021137542,876.6659443457205,11.179388511845376,0.7335672423484946,60.73179839877328,0.5859650925208642
1.4992206063236173,186.60586860881924,887.0133824591712,12.701870790793716,0.6223783917248544,71.30990637572471,0.4955627081069236
1.1570886499961248,164.07206455093362,877.8302321537556,15.710379188852244,0.7377028703758463,60.66503703672211,0.5383712202257411
1.2108911347651694,194.3797862568012,880.2410060868926,16.96336647518831,0.7467584225695666,79.47875159327481,0.49571916735903315
1.2124824216865675,171.98038516952047,875.9778056054869,14.21391672404793,0.8312753246973591,59.64308507203262,0.4474956483882029
1.238249175361163,178.75774771878875,880.6799412213724,13.910726537492089,0.6868737910455491,83.2526946867902,0.5075240312226575
1.2587138938398956,192.7170097129607,854.6648724294488,15.307871349221298,0.7256950075770663,89.39921364375088,0.4921288718413866
1.132428239431019,182.0960624396779,871.2523949449535,15.854871856825344,0.6628150607085003,84.44042074410065,0.5111887752841782
1.0897744693426934,170.63555955631531,871.2450953030337,15.42701267561294,0.6536973720350914,84.5378396217517,0.5159897954799426
0.9946900254351894,188.05098993933493,886.4078490397313,15.817633252155089,0.6843849550890715,69.54347786457616,0.5196277162338581
1.109694431878203,172.4671403153235,867.4501148991487,17.12896112672551,0.7173196645399289,83.48706663572514,0.5027413504691419
1.0758997005380326,198.38621591702625,878.9190808242118,13.537387432275285,0.6348642653014595,83.21934979045342,0.5081864973548867
0.9235007036462484,152.9370698905892,878.63061403056,12.219150536343532,0.6987302824226608,81.70376371450197,0.4073047994489021
0.8677315268027693,178.91252125809763,884.1032853258387,13.740713521741943,0.645312246016134,68.30180885875961,0.5194338102442944
1.1430753341990636,177.28672317030984,879.5378939935224,13.457932282408668,0.7134924847614792,90.76887302917478,0.4827490192837583
0.8436136522933224,200.0,869.7984439890488,11.411992291608083,0.6831736495812887,81.21111336385067,0.4713113687152337
0.9516933832812128,191.78981152313744,877.9093798058875,11.683502330069029,0.7507820596723613,66.2606072829789,0.41314536358198234
0.862319977520927,196.07242934810745,867.2775226707881,10.675019015510555,0.5861552077196893,71.93290933178109,0.44471158732999005
0.9669307056450211,192.54033698239945,871.4525965493523,7.143599360516237,0.5474690376084684,89.1025656892287,0.4434496757754537
0.9030954689133682,177.28375939759997,851.4895393141701,10.777378836283908,0.6946878741926423,88.98271928326635,0.5420066516892775
0.8763651671852299,163.87314680890958,856.16960938945,11.092335316432166,0.5351285905187498,83.92464258017694,0.391001403724125
0.9851241357776812,170.82956441114032,883.9307415012208,10.199914765733856,0.6644283127664761,91.8904252895562,0.42959947015280303
0.8999341226492277,186.86160626749924,873.0761903834219,10.52884263221506,0.6477404103605343,65.78700898214966,0.450867940155886
0.8868730075884649,184.76344148881395,859.8863555571245,9.262208317169252,0.6465771108624333,64.61100143543142,0.3866520177126919
0.8022275577552797,192.82442140085345,847.0825876136998,10.625851038161192,0.6659274102221155,81.2514696912511,0.4196444016770099
0.9027413017447886,170.75532842313115,858.4283019963101,8.304147556432707,0.5981768150647062,91.02558647595151,0.42226158885701864
0.8453739035700217,185.41050760964035,867.4030043625148,10.741127166871223,0.7112405411755068,78.25936078062705,0.47319543886715026
1.0118596277567986,140.35996385210487,851.0241656557455,9.433815130389956,0.5784168959880778,74.05652171677657,0.37039958001158063
0.9887749258191572,196.63680282019644,855.643271357815,7.469661604678127,0.6117376584537807,84.46416558012331,0.30131632080907933
1.0148111425004522,175.65183321467592,859.8535350042769,8.978870710959558,0.6374303559269275,65.10709893754435,0.3496842108937187
1.13001069553453,171.72494121396855,849.8014280479975,8.331382010232328,0.5713723046686469,82.35528886643952,0.3820660473629771
0.9883016102025968,190.99499159332345,856.1279300961666,5.813719482639207,0.6646771762093455,87.87186644931681,0.37191828901701374
1.1885970730024054,154.55772193794948,857.7401491124981,5.0,0.6188639776609116,93.692794058629,0.3746029086536083
1.2256624860401002,200.0,854.0178570947605,6.099787407407334,0.6078297784272795,67.9182537028621,0.2851788248121836
1.0666459200916565,197.47283893077372,824.750399229931,7.3342613992298515,0.5736291843717469,91.98383598135054,0.23072642273267369
1.3612564641502145,184.1013305849105,854.3294508282706,5.992333443151109,0.5816099489173591,73.46256048601215,0.29109797935907733
1.1641923819103446,164.69365474214842,857.4346983198585,5.0,0.6560541509040737,66.30382904231755,0.3439385713052727
1.1829765998008694,157.41777422545456,862.3020486865763,9.732065198430618,0.6259292914816263,80.9762701184192,0.27891526020522933
1.082971380860704,154.18356381574264,843.0001486081519,5.922520256731846,0.6674092938500497,74.4100001404156,0.2868091283563038
1.321082458547316,171.69242004605275,826.440814547771,6.403428364609995,0.5349394926708534,75.67315036874034,0.19444581989606646
1.4142102166060502,166.03045298544467,831.6589697158629,5.0,0.5317192373227828,58.63342244615038,0.21794854283527385
1.397429790057424,176.74118354012936,828.8403843129676,5.0,0.5449131717035837,74.11095192729763,0.13941247389070346
1.249167590110886,172.42547073313705,843.5051546902158,5.0,0.5243117336783709,86.64144924685615,0.15147064624745024
1.3324399431554874,189.5181781155161,844.3263203855706,5.0,0.5,67.41290254897652,0.27292643886143486
1.391160823099387,200.0,836.9703570085882,5.0,0.6149879498404407,78.08636423132106,0.21943459433107124
1.4828204324586232,189.90462654653928,809.6327560776382,5.0,0.52288910041411,81.1172928906748,0.2047062378106982
1.467319021444143,160.53720791029423,842.2388340820471,5.0,0.676684286092323,70.57428270961151,0.19896294515996582
1.617527061025665,189.12657839490168,828.5559069821293,6.624063708614117,0.603973269873371,89.31805779427677,0.19453317588568086
1.486019262756407,184.05962331565576,830.6145816132921,5.0,0.55382439775908,76.44279795976652,0.2622213096100754
1.375532810137968,184.6212128112563,834.2251787131,6.466122110633333,0.5,53.84574813146101,0.12425443680500928
1.4539920631758576,160.41371160514274,827.3817638371803,6.5447758592496506,0.5878887216080062,67.07083721672899,0.24322685978583308
1.6011313469915316,184.45154475099807,815.5967889805229,7.325583619952789,0.5161930295363681,67.43964430428964,0.1722386615758431
1.5922195928188276,199.21461868842104,845.3652692402029,6.983670482447772,0.6048782128876925,53.26380646148307,0.05
1.510864185822857,167.79589330285393,815.5725770931281,7.946646176724935,0.5415279642492671,68.07974268582765,0.19110774170674544
1.3452379287421123,200.0,821.7200308208779,5.155435315834781,0.570935410690217,51.22411268521663,0.11363178919646727
1.4763959079079465,200.0,823.2957666181857,8.658720979871063,0.5250311585889933,66.51167252312321,0.11915121555070421
1.5166692977698577,198.4285054850843,835.9170628759966,5.754812572796392,0.5351576699103487,56.65304940365248,0.11887355295433294
1.2664426765725354,185.02471389463065,824.0034161955217,7.43199898288321,0.5657397306571434,69.01845957764436,0.05
1.5514538049316104,175.24862231839177,822.4618646712463,9.439294660071653,0.5563719976421363,56.80776237586629,0.13476460056334796
1.5284132715129322,141.4385276019807,804.3184388919376,5.0,0.5506753833009621,68.69468185424337,0.0749368093894644
1.435729814584569,181.1671479027802,812.2037182186909,7.464201038392732,0.5,41.73840104010437,0.08340445031633476
1.3774602368313984,193.3872230134941,820.9102691325145,8.524803811882194,0.5745374643343112,55.582206397756295,0.05
1.2498521373964306,185.07737621650855,822.4403446268046,7.843772142723693,0.5641140893772667,59.906693165477535,0.1252392730406875
1.3043603471802017,197.32083185701657,813.6456457881791,6.653212219398489,0.5232660370339778,42.069345530077854,0.13972441419627524
1.2117318656398886,185.2512078717893,812.6536299887036,11.926429984010976,0.5,52.06244666851565,0.08213492023120177
1.2578165485124029,184.0036888458937,838.050371969967,11.274381306213485,0.55617521501679,57.15075911235325,0.2521833447807678
1.2975812201725472,179.06256820971467,803.8727923911591,11.2279587978905,0.5,69.25903771213272,0.07778684480446335
1.1075532198234752,181.18249433891933,818.7197628663438,10.135977514364196,0.5718993973476806,72.30858230497921,0.0686375049404904
1.2163300008447953,188.6190525982405,829.8262478284462,11.308866612156638,0.5970107674176356,59.05051202796557,0.17072726398220642
1.0361325160699058,184.44037381618472,816.3477494209634,8.88216102127566,0.5,65.98955985194246,0.052751864913278816
0.8701565751290636,162.03588742457964,816.0595017368352,12.498971116541153,0.5400090740490222,58.357396920076354,0.09381476465320797
1.2697022150179005,144.94135471940777,813.0341155190372,7.111628616688168,0.5861639354327227,42.748701306093714,0.05398100809204244
1.1962009617318818,163.9063536998587,809.8880799945856,10.503103742991964,0.5,52.354272738199874,0.13555571384980453
1.126465344118596,156.14647734210402,836.7936166420591,10.618544978264412,0.5287850909409902,39.80382302845488,0.18448766470777395
1.0869796926739392,171.14243299321214,820.9883237098544,11.395373610175518,0.5,43.03734213575946,0.1276349370823605
0.8961012892861943,172.10522161558356,819.016038870965,11.593028482958518,0.5,49.27991780955266,0.1534439539159318
0.9689959510822592,195.0883684780676,828.254807760084,13.597577445468389,0.5994889543016717,46.08884268757103,0.08104110796065717
1.0163954294488744,186.03560762760443,817.4666706801295,11.709447643460956,0.5870647985634294,43.47636455282076,0.2504994384935234
0.8702710080278012,176.999149030375,821.1343797677847,13.28855381700394,0.6463022225409282,37.261394684622495,0.20714870805130672
0.8885695737813684,156.79463111383697,817.7493904771092,17.619701366183858,0.5865718559212327,42.035556733847365,0.15989358309522678
0.9228856002666376,184.7638532403389,821.919386438752,13.314585633218194,0.53048186201234,39.915999221335,0.0846308177839177
0.846443862453727,171.92324807957925,830.7707561424867,15.158499063346444,0.6106543518134152,23.6959167119059,0.15972476491124096
1.1098537572305918,164.94040402413307,825.7173312939287,13.50509224019203,0.5608886261141551,38.44739911662878,0.17781838010039408
1.049722121049942,149.14556926206063,830.131685301976,13.690074246751298,0.5398673182079139,36.43339798025364,0.1892212765995009
0.910309836168832,175.14198943354347,813.985025076149,14.662698344819132,0.5048326793438564,23.378649262160536,0.12120842302494664
0.9627846395614306,194.8004464241141,811.4115447514682,16.62725878462362,0.5531993611557134,23.029342521240835,0.19200325466430268
0.8699763185290312,144.77394096552808,805.1380159502568,13.542266282301084,0.6764457829077881,44.31212961234304,0.16774231604445267
0.9498591288432564,177.5641819099113,827.596379987305,16.127512439814144,0.5,27.98328129389185,0.15678775113523996
0.9723004534066676,195.555980183562,823.9201467904335,15.718890702388778,0.543553744463339,24.064564074057813,0.23824872984008302
0.8206000437252748,173.05411136200465,845.3612524760878,17.020615647962625,0.5798976726274122,31.86940510536756,0.22181681307307885
0.9756463031622904,172.2973238231054,845.2190670792808,16.62882929770847,0.5740531132900785,22.29597838626276,0.19636669150883032
0.9775044017247076,200.0,824.3622477188027,17.264169119115387,0.572912677487322,21.459739220416687,0.16419714762951473
0.9948729048701946,200.0,846.5436317130033,18.65829717999072,0.5621544596630198,23.445284685575302,0.2353338306069611
1.140279701470456,183.3264760702995,861.1780412818191,13.394716403863203,0.5594549595678702,17.7619485655828,0.21431422670633415
1.1353215678402762,177.38216137406198,831.6001679411768,15.99034276263987,0.5183233129533664,38.63524551857776,0.26991865666227066
1.0988632281021085,156.892752391436,834.3935085219215,12.15539180545483,0.6441998034575757,10.078884260540883,0.27447388759703467
1.062023582308384,189.936343203169,855.9223007152809,13.402903781168074,0.5569562454847142,40.032749063652446,0.23227767891794412
1.1009297139956944,164.7499538607565,848.2304525648801,17.61854748990715,0.5263431258222023,37.52186520977909,0.34322919310083644
0.9622746766508008,170.07290764098911,846.561681027612,17.130686293403855,0.5,25.784748264365955,0.3291285881246583
1.1540710045179596,200.0,834.5322559710525,17.14877275833692,0.5026667123232625,30.14969027293131,0.3433248399884181
1.335451801052025,148.33252877096302,850.5876121601773,10.986113725588083,0.5748614900186341,23.145614641478325,0.2896661955688883
1.473423835503059,198.57871165126485,829.9572106733509,15.684082402844025,0.6249746421743899,10.0,0.29713233638712855
1.314042239230284,200.0,846.6626380906307,12.693907989366757,0.6390537008389074,26.05604462224579,0.361598212027493
1.3079278087534134,187.2386373587956,873.7450349386881,19.14380321253421,0.627317101613269,20.38224923171763,0.3134854481477732
1.566335297819216,155.68249348567065,853.6222970428096,13.047546657278993,0.5599386839753383,10.0,0.3776709930435162
1.2281890648225369,186.90437892252672,876.0884808023101,13.212432564599078,0.543918336021108,36.0189557273764,0.31354438676252916
1.3862901629678697,183.87859067284893,854.2882583796707,12.869421892876446,0.5627982012335309,10.0,0.37510701790545986
1.3941180520054972,184.8384917377226,853.1017022799908,11.36426582286833,0.5615521281956151,12.805084983904091,0.4277324223117435
1.4616561258316378,178.7114556041074,857.8354294388499,14.512968113173558,0.5442252611813603,28.45751499022591,0.41527280246976433
1.5064855802449943,200.0,856.4148232547362,11.36075004960213,0.5,10.94086848977017,0.36184471167737664
1.3597528426423902,171.7406414767949,877.4058183076987,13.586735443683628,0.5494481688838067,10.0,0.4617287643843935
1.4161276231484647,200.0,883.9450416340903,11.932804251149,0.5,37.963260036774585,0.39820339379363545
1.4111745805067173,172.23324864430953,865.1911170111605,12.354658926224609,0.612392280102249,10.0,0.35985040648895034
1.571277783144802,171.63368912473496,872.2283603450438,12.555021399034723,0.5677747446251462,10.0,0.32973283094424344
1.608477595423092,181.49219745384704,879.4048045011032,12.127701486116404,0.5865936192522071,20.75958141766377,0.504172202766337
1.5765798691456965,176.6161256299398,882.4678290970842,9.054115874544806,0.5547088472963794,10.0,0.44437950049300906
1.5204089081642378,200.0,871.3385176730095,8.515762445669402,0.7010980304021799,34.696248951902014,0.47785590761355073
1.5277255114590031,200.0,883.8001075453515,12.190770863650089,0.6064487237695453,28.262794961980767,0.42175088703238534
1.4463641603916648,165.4601888928681,859.9794598970111,8.291533474409524,0.6334382342942211,27.103188618486616,0.5360437286543686
1.468743228299377,185.47661073260755,861.2840492847068,5.692706350551075,0.5713016457603319,28.65115578063287,0.4454063459706836
1.4623644781055536,188.6477192703149,865.6636944987488,11.995588301300952,0.5,18.1338432014149,0.4338516020102919
1.4249646370708209,200.0,884.931628381641,9.630422768590764,0.5246998925938081,27.119888484099857,0.5465146843438028
1.4464193136739874,188.00042201811243,881.2145696719521,6.121438133672121,0.5740035626686154,24.50908011595044,0.5018538343290552
1.2293181359570804,160.298755828162,868.4041210203011,8.279694462034612,0.6892465599941436,34.14601354845375,0.47708350975246466
1.4585103537485338,173.84615840210753,895.7718252002926,5.0,0.5297424131431157,28.89111838638652,0.5052117463503233
1.351379234434774,195.275692763418,879.7509641155355,6.880224707442982,0.5450745451034607,17.012230864985078,0.5121187287618705
1.3009135973714248,200.0,880.2984136591231,9.694803167650534,0.5369642788082822,27.874719162762226,0.4893736287503069
1.2514638189974427,169.67500172498782,872.0590816345372,7.632100941665096,0.5864814908367401,25.870434035211822,0.47577293635384144
1.17473612713382,170.75217912888937,888.0432712440767,5.360447730340629,0.6804176188573267,17.385798319774942,0.5293192871027275
1.1113413527949887,176.6960368183865,873.8026420010293,7.233622445935044,0.6802466054822449,25.761474103798086,0.4221845597690641
1.2463296075579675,170.43645793848978,883.6189544827522,5.0,0.5504171172289269,25.30582671869579,0.44564624242903345
1.2146523464393046,193.15102001201797,869.7738094453573,5.0,0.6536864201457724,37.51254341744741,0.4418088827524053
1.067076270936181,187.95143029832323,865.7724810114244,5.983488329931046,0.6131607927792203,21.008738046753223,0.5289491891339845
1.054858463935148,172.8743185134134,882.0403852914181,5.0,0.5671799341178064,15.412390189354474,0.5111517307072531
1.2214653596422955,175.42833082005484,886.8762609227387,5.043629726025787,0.6635437534136504,22.14848718681155,0.4679253176165973
0.9478132057241622,180.14443087218385,879.8956216121271,5.0,0.6906410583221088,17.010236031770418,0.5649890193818782
0.9666994222163698,176.7266533583914,886.5097183724866,5.565230876564129,0.6530979206328174,31.96136239685845,0.4870872870517477
1.208284797703241,200.0,878.3302879581023,5.0,0.5092001702969222,45.57287515119215,0.4244003527511601
1.1061976159826383,183.28445926914247,878.2152302065753,5.0,0.6838760967550417,31.7526263140853,0.4949878649702543
0.8594450136863004,189.51953496273697,895.7278546277466,9.399570246157063,0.6720511493377398,24.69223566847477,0.5201502544444521
0.8211737893548129,187.75496082813947,869.5825098559304,9.072891425761268,0.5799331925525202,28.90459148551684,0.4987330738507296
1.0845480304681463,184.8051823724744,872.9633366816087,6.463982140440312,0.6296468465677938,34.70880958639874,0.38522486451079274
0.9877001713759348,172.55081022626223,853.1026887757955,8.389834945123793,0.6459668013680573,42.20458336341577,0.4917589154844949
0.8176631721147815,191.60731856756843,890.0184040403603,5.605682484379315,0.6885792738934322,27.08816217868033,0.4359876796425328
0.8,177.86170688338728,866.3130634908918,6.299989112338319,0.6448076318985391,24.98244245359624,0.5336719821272611
0.9200700029822771,162.31091108573602,884.6375441593686,7.247088685433194,0.6299685370443119,19.75689992848461,0.5225525735332185
0.8628163825903225,180.9355207117202,874.816091905361,11.83122752424645,0.7644295431441046,43.61634701057899,0.4760804188489457
0.9582700905180788,190.77437546650543,845.0303617670543,5.854870912769304,0.7445088611949572,29.46217170357858,0.460711700740751
0.87755406127,196.8396675342105,849.4201979744732,6.704955395102162,0.5913928449865018,39.52282482068413,0.415847585355903
0.9680621734780492,191.71835966468709,850.9012858876448,8.095954298328534,0.6141057631215681,22.25501266417206,0.41496471170866905
0.9956486281293596,175.27538608893485,862.1186078521486,5.0,0.6350195607977793,55.41971152779205,0.39911528834473003
0.9926209484588046,187.51099261309903,861.1373226191407,5.0,0.6378149219573346,45.00378041840819,0.3759439463836333
0.9655596533768952,178.01437187064934,885.685809193305,5.0,0.6143263805029959,37.22714913777628,0.38521926766707176
1.0868181434966415,196.29608505331151,857.4222461486771,7.8107471268144275,0.638496278296469,59.49433667115953,0.4222089093843142
1.0620376939933382,180.9982610063665,864.0730978020854,5.478715127408504,0.6190449723754392,23.604121804160624,0.44041604320754524
1.209990264957164,189.56577279672757,862.2858930740252,11.842814102477403,0.7797297607171352,47.67107856381058,0.292879800378144
1.0822745617286686,171.03803666474525,870.4101598127605,8.657450739655816,0.5934529686478374,38.373621541842695,0.3780132030416371
0.9383142180027936,171.27691790717887,831.0371428598503,12.148997298677248,0.6759419708849054,43.56898824540337,0.2778195681567225
1.1213538944089838,165.85100648530192,846.5963952197346,6.82896080997837,0.7797448704173271,50.76513633842752,0.28313234605032334
1.0575167919836983,152.67523372135616,859.941043997536,8.584502662154012,0.6771500844658969,73.00197180069031,0.3543279910435697
1.0447027306565695,196.56390529455243,851.5956358976518,8.524065005093135,0.6838249575946463,40.81530767861683,0.2821696273979962
1.2929267355913825,172.75972425925156,836.7245417345347,11.653887458737389,0.7452360211369367,53.72776163605192,0.39964135564387476
1.1161997619322033,171.79101176666393,873.2706785288542,10.317040804824911,0.6846796360142231,46.04922273384569,0.3097047335972173
1.3424891621510735,174.3993575616274,837.7017155262574,13.167847141429633,0.701289910134067,38.156809087337535,0.18204351997239487
1.3032290668375246,186.9964306838349,838.5029275692556,8.37658110964454,0.7537688660028669,44.14897133744447,0.3766643156533679
1.2435938517744902,168.75392570392194,851.7484233697754,8.661718892329237,0.6739487540671902,60.265196140875176,0.3336391239486578
1.282562532359898,200.0,852.958096730305,11.442141545423326,0.681225796600208,73.5812291864557,0.241189067797236
1.284174945617616,181.9765296271432,839.4402590819618,12.382308374307645,0.6720011320350893,44.631983662942055,0.24270389390557245
1.174921527129092,200.0,842.9646922304386,11.932381545524978,0.7417680256117181,68.22890295349806,0.28187347297370485
1.4867028971262717,182.32884133071852,838.6846158066412,11.52691936059144,0.6964456918303359,67.1549299478921,0.15966744888879847
1.4299925818322434,180.9852507835108,825.0010448994516,15.244574777154993,0.6703251064064945,49.68259289625113,0.2615856151061692
1.5498896548866272,175.41129929299345,816.6701419347668,13.121540472442806,0.6665033876651704,47.77112314501264,0.2226386024522414
1.5341295062765778,164.1697093975844,822.3486006917814,15.840837330662112,0.6761254201453268,74.02455715951066,0.16362490432088977
1.4288589058354846,174.4612534994229,835.1075907055612,11.158294399001866,0.6216590747753561,45.1696282565305,0.14545568193875452
1.641232596697796,173.745648244841,857.5908684877671,14.793103542660516,0.7702166767637858,59.53597477071378,0.21093568577771082
1.4483389712714605,166.97730666102316,832.1203421401773,16.39320766564137,0.7512470286346951,47.47189742050701,0.23214208268252312
1.5856638132758338,180.93213337498693,825.2421638246893,15.16039271405889,0.6940424614101003,46.71716022403041,0.07603619343405517
1.612160138135424,180.12676100563527,841.5015519858705,11.372011242534256,0.7057756500459269,66.94937722127507,0.16439394365193713
1.6674493566064548,184.22732609480977,816.7667912771228,18.261586400188865,0.7287797099435326,73.35077452991342,0.12524773379677068
1.4755686718128331,174.21216343615947,839.2591784397366,15.685874845763756,0.8300069941981263,56.727087627791335,0.08575652589161226
1.4624406013143432,195.89220594274352,810.3965084487389,13.220848722422591,0.8108556541047949,70.64918763789393,0.1551183729519273
1.5536150962099111,179.27962640728094,836.1922056018647,12.888558622524409,0.7228467795804304,54.68806626001755,0.11853130599306039
1.4767399535402856,176.9826331988156,831.8124464919288,10.840161138959598,0.6041158581375636,55.02187436472442,0.10449705111698265
1.527089939011506,159.6180080954989,817.2097619427369,14.373415859156072,0.721066606278497,79.37540698548236,0.06851067629248284
1.4758927877087629,181.7583391523185,831.7136665769879,16.33216346286317,0.7379968905308588,83.05962466917313,0.1102125416737421
1.4095035154757414,192.53539927613136,814.9401533619437,14.094257564517209,0.7618451672234107,74.274264596201,0.09170857070683416
1.5235041307770618,169.22911402228675,836.6084461228182,11.832570414228172,0.8054333278332616,69.82349693445452,0.1466348627456816
1.2846800852615343,196.02798411867772,814.3520610062974,15.39250630518675,0.7954829714040684,68.04620544353101,0.05
1.4151487447295,179.39372626086438,821.5747508894465,14.636420963452334,0.773140899801232,50.85587260028775,0.12673398750733653
1.239045964394166,182.70298949962825,825.8625222018328,15.512297445491305,0.7933760797863509,82.84476111270487,0.1364451086902433
1.191101702952163,181.228444571608,819.3891061534049,13.319481307915122,0.8196246873135288,65.60818838791997,0.08882219550514038
1.2155440127329502,176.91893572685353,830.8425581950023,14.82342959454305,0.7636324655497921,54.89563822538645,0.058259975630308464
1.297715371348462,173.71914773317027,818.2415764569362,16.30935925882154,0.7574732572979838,78.91226451340276,0.06994459913487713
1.1853127217969508,170.65110476195096,827.0378021713808,12.31482872525744,0.8377516637239443,62.960788099728845,0.1409271693236223
1.0174320394953125,179.5162187841373,827.7710918185697,19.073854280182506,0.7602014267073559,78.53210028223786,0.08685603497075421
1.2032186235361972,162.45921767375074,818.4242913337096,13.857519510602636,0.747697633553503,77.24413557411971,0.09259054542181161
0.9867764437278388,181.3683450195912,817.3979265324548,15.59081938009112,0.77911681614181,63.87036784259551,0.07637438765047605
1.0729802573226384,169.59373237923347,809.3378754898358,15.29217548689768,0.8017751686636148,74.54796570842785,0.05
1.264389979344864,180.07278621168282,814.3483585923639,11.679151485644269,0.8032726686041199,87.48211216969854,0.05
1.1508993319310474,165.39511558751036,820.0334785024635,16.40836548059042,0.8385771344053132,71.22194250230089,0.1102451977205676
0.8430755401064186,193.29219101878272,806.0225637631976,15.91737727834058,0.76401269729715,80.34846119631516,0.16558809383513742
0.8722962030675991,140.63765686727024,831.0110658366776,12.577071587034345,0.7660264293837664,80.17634082728696,0.181978991936255
1.000207695688763,174.28677823211933,833.9718329765608,12.693091338750316,0.878320168310212,80.81485814308982,0.09783718957999873
0.8682228494295965,157.86857390998026,830.510981562998,10.747138554708853,0.8450565917380156,73.8179939673983,0.10846103795458065
1.2465044880775364,197.94300294423476,817.9980234543339,10.457655981422196,0.8214176109518528,75.11689984413478,0.1454850222386485
1.0807555231446877,184.26224081319785,806.6122098172877,10.434301286939863,0.8190286196398291,83.48988585601796,0.05
1.0259128636097112,193.26879535568017,840.6257237338606,11.522143270918468,0.7729914638019854,90.87143001953773,0.1705995488201769
1.0137576388414125,155.41869873420652,831.258858873829,12.612569028214024,0.8325115892605964,70.50151272526139,0.1310294864965298
0.8658649617085857,200.0,852.8539571655537,9.594015386301628,0.8368876092226235,95.0,0.17403554781834116
0.9257848241713368,197.0865519600466,833.386815981781,9.894243697664022,0.8520344634053411,95.0,0.18076469721343685
0.8937481833725432,200.0,834.997184112023,12.254611427889683,0.7658923304980542,74.86346096532638,0.18581061616360944
0.9701137062687928,190.09642505275323,822.7560416115979,8.944742404093843,0.8341845430752854,95.0,0.12807151484550483
0.8625156653423357,186.4667544278398,847.6119401867039,5.122680811095618,0.861702918027262,71.15045782624698,0.13184949341566982
0.881375417997551,200.0,825.0946772356934,8.09374928511863,0.7315854046409228,81.93829588932576,0.14123044349766872
1.0562904173541043,152.44187233027245,815.9513217910641,7.641983041636697,0.823623458352213,86.33507628182261,0.3059785845735833
0.8,160.9989698982421,820.7830372368046,6.4461416697341125,0.7982389524313483,78.2936606559348,0.17301419639363327
1.0319206134269574,172.66759787487405,846.6055016294791,5.638214080836373,0.842547525354278,81.88427584482366,0.15768101649972358
0.8295324082675886,187.8483310187681,829.2260694389945,8.699313875650288,0.7671871574231045,61.90582576791243,0.13471024026627906
0.9494387428755182,169.17694405338673,847.5807501133686,5.0,0.7954500960736978,77.19171705302364,0.11455244947705606
1.1228460345127094,198.7377695731417,849.8769478634008,8.173697170880192,0.883067984879574,68.34811216582017,0.22078867080935854
